pmcid,doi,title,n_tables,n_figures,cross_refs,example_ref,url
PMC12994884,10.2196/77313,Rectal Cancer Radiotherapy Response Prediction: Retrospective Study of Development of a Deep Learning–Based Radiomics Model,7,6,1,Figure 3 and Table 4,https://www.ncbi.nlm.nih.gov/pmc/articles/PMC12994884/
PMC12993734,10.1001/jamaneurol.2026.0230,Safety and Efficacy of PrimeC in Amyotrophic Lateral Sclerosis,2,3,2,Figure 2B). The distribution of ALSFRS-R scores across visits is presented in eTable 3,https://www.ncbi.nlm.nih.gov/pmc/articles/PMC12993734/
PMC12994352,10.1002/adma.202521534,Proximity Induced Magnetic Anisotropy and Trefoil Fermiology in Monolayer FeCl2/Bi(111),1,5,1,"Figure 3a,c).TABLE 1",https://www.ncbi.nlm.nih.gov/pmc/articles/PMC12994352/
PMC12992567,10.1038/s41598-026-35833-7,Real-time dynamic prediction of HFMD transmission using SEIRQ-ARIMA hybrid model optimized by multi-stage ABC-GWO algorithm,20,23,1,Table 10 and Figure 20,https://www.ncbi.nlm.nih.gov/pmc/articles/PMC12992567/
PMC12994558,10.1002/smll.202514913,Additives for Aluminum‐Air Batteries: A Review,10,7,1,Table 2 [41].FIGURE 1,https://www.ncbi.nlm.nih.gov/pmc/articles/PMC12994558/
PMC12994562,10.1002/smll.202514668,"f‐Block Element‐Based MOF Thin Films: A Platform for Luminescence, Sensing, and Energy Applications",7,13,1,FIGURE 8General scheme for electrodeposition of f‐MOFs onto conductive substrate.TABLE 7,https://www.ncbi.nlm.nih.gov/pmc/articles/PMC12994562/
PMC12992196,10.1111/dom.70448,Population‐based cohort validation and replication reveals limited generalizability of cluster‐based MASLD subtypes,1,5,2,Table 1. Cumulative incidence curves are presented in Figure 4,https://www.ncbi.nlm.nih.gov/pmc/articles/PMC12992196/
PMC12994524,10.1097/j.pain.0000000000003851,Transcranial direct current stimulation of primary motor cortex reduces thermal pain,2,5,3,Figure 4 and Table 1,https://www.ncbi.nlm.nih.gov/pmc/articles/PMC12994524/
PMC12995358,10.1515/med-2026-1381,Development of a machine learning algorithm model to predict intraoperative hypotension in elderly patients undergoing thoracic and abdominal surgeries,1,7,1,Table 1.Figure 1,https://www.ncbi.nlm.nih.gov/pmc/articles/PMC12995358/
PMC12995492,10.1182/bloodadvances.2025017049,Distribution and prognostic impact of LymphGen subtypes in Korean diffuse large B-cell lymphoma using clinical NGS panel∗†,4,4,6,Table 1. The genetic features of 123 patients with DLBCL-NOS are shown in Figure 1,https://www.ncbi.nlm.nih.gov/pmc/articles/PMC12995492/
PMC12992006,10.3389/fendo.2026.1787233,Real world experience with [68Ga]PentixaFor PET/CT in Primary Aldosteronism using newly developed harmonized diagnostic criteria,2,3,2,Figure 3 and Supplementary Table 1,https://www.ncbi.nlm.nih.gov/pmc/articles/PMC12992006/
PMC12992003,10.3389/fimmu.2026.1787518,Cross-dataset adaptation of voxel-level deep radiomics for predicting survival in inoperable locally advanced NSCLC treated with immunotherapy,2,4,1,"Table 2), alongside acceptable calibration across time points (Figure 3",https://www.ncbi.nlm.nih.gov/pmc/articles/PMC12992003/
PMC12993714,10.1093/ehjimp/qyag030,Clinical applications of co-registered myocardial T2 mapping and dual bright- and black-blood late gadolinium enhancement magnetic resonance imaging,6,7,1,Figure 2E and F).Table 6,https://www.ncbi.nlm.nih.gov/pmc/articles/PMC12993714/
PMC12993213,10.1016/j.isci.2026.114933,High-reactivity precursor C2N3H and its photo-induced stepwise growth toward 2D graphitic carbon nitride clusters,3,7,2,Table 1.Figure 2,https://www.ncbi.nlm.nih.gov/pmc/articles/PMC12993213/
PMC12992038,10.3389/fmed.2026.1745815,A comprehensive evaluation of non-vascular prepontine cistern anatomy influencing trigeminal nerve vulnerability using machine learning-based morphometric analysis,4,7,1,"Table 2 and Figures 4, 5A,B).Figure 4",https://www.ncbi.nlm.nih.gov/pmc/articles/PMC12992038/
PMC12992278,10.3389/fcimb.2026.1762404,Who is at risk? Clinical features and a predictive model for 30-day mortality in hematologic patients with enterococcal bloodstream infection,2,4,1,Figure 4).Table 2,https://www.ncbi.nlm.nih.gov/pmc/articles/PMC12992278/
PMC12992279,10.3389/falgy.2026.1751512,Comparison of rapid and same-day desensitization protocols in hypersensitivity reactions to platinum and taxanes: a retrospective cohort study,6,2,2,Table 2 and symptoms are detailed in Figure 1,https://www.ncbi.nlm.nih.gov/pmc/articles/PMC12992279/
PMC12993293,10.1016/j.adro.2026.102004,Relative Biological Effectiveness of Carbon Ion Versus Photon Radiation Therapy for Acute Radiation-Induced Esophagitis in Locally Advanced Non-small Cell Lung Cancer Derived From Normal Tissue Complication Probability Modeling,2,1,1,Figure 1 dummy alt textTable 2,https://www.ncbi.nlm.nih.gov/pmc/articles/PMC12993293/
PMC12992299,10.3389/fmicb.2026.1770997,The SPI-20 and SPI-21 T6SS gene clusters from Salmonella enterica subspecies arizonae encode effector proteins that display antibacterial activity,3,4,2,Table 1). This putative effector corresponds to SARI_02727 (Figure 2,https://www.ncbi.nlm.nih.gov/pmc/articles/PMC12992299/
PMC12992231,10.3389/fmed.2026.1756799,NoSAS score and the 5-year risk of incident cerebrovascular disease: a retrospective cohort study,8,2,1,Figure 2).TABLE 1,https://www.ncbi.nlm.nih.gov/pmc/articles/PMC12992231/
PMC12989514,10.3389/fsurg.2026.1782908,Hemiarthroplasty vs. proximal femoral nail fixation in unstable pertrochanteric fractures: an updated systematic review and meta-analysis,3,12,2,Table 1. The PRISMA flowchart in Figure 1,https://www.ncbi.nlm.nih.gov/pmc/articles/PMC12989514/
PMC12991298,10.2147/JIR.S564892,Neutrophil Extracellular Traps Predict Prognosis and Neoadjuvant Immunotherapy Response in Gastric Cancer,3,5,1,Figure 4D).The clinical features of all patients in the surgical cohort are listed in Table 1,https://www.ncbi.nlm.nih.gov/pmc/articles/PMC12991298/
PMC12989475,10.1093/asjof/ojaf153,Facelift Randomized Controlled Trials Compliance With CONSORT Checklist: A Systematic Review,2,6,1,Table 2.Figure 4,https://www.ncbi.nlm.nih.gov/pmc/articles/PMC12989475/
PMC12989559,10.3389/frobt.2026.1693379,Transforming customer experience in social robotics through explainable and interpretable artificial intelligence over a decade,2,1,1,Figure 1 and Table 1,https://www.ncbi.nlm.nih.gov/pmc/articles/PMC12989559/
PMC12989590,10.3389/frobt.2026.1770121,When AI takes the wheel: AI-defined vehicles principles and pitfalls,3,5,1,Table 2.FIGURE 5,https://www.ncbi.nlm.nih.gov/pmc/articles/PMC12989590/
PMC12990069,10.3389/fnut.2026.1718156,Ten-year medication-free remission of type 2 diabetes in a South Asian male using a culturally adapted low-carbohydrate diet: an N-of-1 longitudinal study,5,3,3,Table 2) and longitudinal visualization (Figure 1,https://www.ncbi.nlm.nih.gov/pmc/articles/PMC12990069/
PMC12989481,10.3389/fphar.2026.1654013,Cistanche tubulosa-Ginkgo biloba combination enhances memory via cortico-cerebellar reorganization: a randomized controlled trial,4,5,1,Table 4; Figure 3,https://www.ncbi.nlm.nih.gov/pmc/articles/PMC12989481/
PMC12989553,10.3389/fgene.2026.1763705,Construction and validation of a prognostic model for lung adenocarcinoma based on necrotic cell death triggered by sodium overload-related coexpressed genes,2,12,1,Table 1) and the relative contribution of each gene to the final model (Figure 4,https://www.ncbi.nlm.nih.gov/pmc/articles/PMC12989553/
PMC12989400,10.3389/fpsyg.2026.1738432,"Examining the relationships between mindfulness, emotion regulation, depression, and anxiety: a structural equation modeling approach",5,3,1,Table 4; Figure 3,https://www.ncbi.nlm.nih.gov/pmc/articles/PMC12989400/
PMC12989576,10.3389/fmed.2026.1668328,miRNA-210 expression is associated with iron deficiency and biochemical parameters in hemodialysis patients,6,4,1,Figure 3 and Table 5,https://www.ncbi.nlm.nih.gov/pmc/articles/PMC12989576/
PMC12989525,10.3389/fmed.2026.1756120,Symptom experience subtypes and their association with social isolation in older adults with diabetes and coronary heart disease: a latent profile analysis study,10,3,2,Table 2 and Figure 1,https://www.ncbi.nlm.nih.gov/pmc/articles/PMC12989525/
PMC12989405,10.3389/fpubh.2026.1774541,Effects of isometric training based on the entire population on blood pressure regulation: systematic review and meta-analysis of randomized controlled trials,6,8,2,"Figure 7A) combined with the Egger test (t = −2.24, p = 0.031, Table 5",https://www.ncbi.nlm.nih.gov/pmc/articles/PMC12989405/
PMC12990149,10.7759/cureus.103584,The Impact of BMI on Perioperative Urine Volume and Renal Function in Living Donor Kidney Transplantation,5,4,1,Figure 4.Table 1,https://www.ncbi.nlm.nih.gov/pmc/articles/PMC12990149/
PMC12989544,10.3389/fpls.2026.1739203,TeaNeRF: an integrated 3D visual perception pipeline for tea bud harvesting,7,17,3,Table 2 and illustrated in Figure 11,https://www.ncbi.nlm.nih.gov/pmc/articles/PMC12989544/
PMC12989320,10.1002/mp.70384,A universal framework for IMRT dose prediction,1,7,1,"Table 1. The corresponding MAPEs for these sites are provided in Tables S5, S7, and S9.FIGURE 4",https://www.ncbi.nlm.nih.gov/pmc/articles/PMC12989320/
PMC12990342,10.1016/j.molmet.2026.102340,"ARD-101, a gut-restricted TAS2R agonist, reduces hunger in adults and promotes weight loss in DIO mice with DPP-4 inhibition",1,7,1,Figure 2A–E and summarized in Supplementary Table 1,https://www.ncbi.nlm.nih.gov/pmc/articles/PMC12990342/
PMC12990971,10.1111/gwat.70054,The Potential of Horizontal Wells for Aquifer Storage and Recovery in Saline Aquifers,4,24,6,Table 3 is given in Figure 9,https://www.ncbi.nlm.nih.gov/pmc/articles/PMC12990971/
PMC12988434,10.2147/CMAR.S557943,"Methylation and Expression Analysis of POU4F2, HOXA9, RBM46, and TSGA10 Genes in Bladder Cancer Using Methyl-Sensitive Restriction Enzyme PCR (MSRE-PCR)",8,5,1,Table 7 and Figure 4,https://www.ncbi.nlm.nih.gov/pmc/articles/PMC12988434/
PMC12988433,10.2147/DDDT.S562125,"Effects of Voriconazole on the Safety, Pharmacokinetics and Pharmacodynamics of Ciprofol (HSK3486), a Novel Intravenous Anaesthetic, in Healthy Participants: A Prospective, Randomized, Crossover Clinical Trial",6,4,1,Table 1. The flow diagram is presented in Figure 2,https://www.ncbi.nlm.nih.gov/pmc/articles/PMC12988433/
PMC12988452,10.1001/jamanetworkopen.2026.1741,Diagnosing Urinary Tract Infection in Young Febrile Children in the Emergency Department,3,2,3,Figure 1 and Table 1,https://www.ncbi.nlm.nih.gov/pmc/articles/PMC12988452/
PMC12988679,10.1167/iovs.67.3.21,Characterizing a Unique Retinal Phenotype in INTS11-Associated Neurodevelopmental Disorder,2,5,1,Table 1 summarizes the clinical and genetic details for all four affected individuals.Figure 1,https://www.ncbi.nlm.nih.gov/pmc/articles/PMC12988679/
PMC12861408,10.1177/18632521261419324,Postoperative immobilization versus early mobilization following titanium elastic nailing in pediatric diaphyseal both-bone forearm fractures: A retrospective comparative study,3,3,1,Table 1.Figure 1,https://www.ncbi.nlm.nih.gov/pmc/articles/PMC12861408/
PMC12988317,10.1002/ca.70034,A Meta‐Analysis and Simplified Nomenclature for Diagonal Coronary Artery and Ramus Intermedius Across Adult and Pediatric Hearts,5,6,2,"Table 4, and the corresponding forest plot is shown in Figure 5",https://www.ncbi.nlm.nih.gov/pmc/articles/PMC12988317/
PMC12988027,10.1002/em.22640,Evaluation of the standard battery of in vitro genotoxicity tests to predict in vivo genotoxicity through mathematical modeling: A report from the 8th International Workshop on Genotoxicity Testing,5,5,1,Table 3). This is also reflected in Figure 4,https://www.ncbi.nlm.nih.gov/pmc/articles/PMC12988027/
PMC12982177,10.3389/frai.2026.1741082,Enhancing crack detection and severity assessment in historical Tabiya basins using U-Net and adaptive thresholding,5,17,1,Figure 6).Table 1,https://www.ncbi.nlm.nih.gov/pmc/articles/PMC12982177/
PMC12994018,10.1016/j.identj.2026.109485,Digital Assessment of Gingival Display During Different Facial Expressions Using AutoCAD Software: An Exploratory Clinical Study,2,7,2,"Table 2, Figure 5",https://www.ncbi.nlm.nih.gov/pmc/articles/PMC12994018/
PMC12836231,10.5500/wjt.v16.i1.111959,Outcomes of basiliximab vs alemtuzumab induction in kidney allograft recipients with matched immunological Profiles: A retrospective cohort study,2,3,2,Figure 2 and Supplementary Table 2,https://www.ncbi.nlm.nih.gov/pmc/articles/PMC12836231/
PMC12994604,10.5599/admet.2941,Hypotension and antiphlogistic potential of empagliflozin ocular film: swelling and release kinetics,2,12,1,Table 1.Figure 1,https://www.ncbi.nlm.nih.gov/pmc/articles/PMC12994604/
PMC12982034,10.3389/fdata.2026.1770989,Spatiotemporal deep learning framework for predictive behavioral threat detection in surveillance footage,12,5,2,Table 5 summarizes the results and depicted in Figure 3,https://www.ncbi.nlm.nih.gov/pmc/articles/PMC12982034/
PMC12982865,10.1177/20552076261425402,Digital health technologies and stakeholder incentives in type-2 diabetes prevention,11,4,1,"Figure 1 illustrates our step-by-step application of the e3-value method, and Table 1",https://www.ncbi.nlm.nih.gov/pmc/articles/PMC12982865/
PMC12985404,10.1080/02664763.2025.2532621,Efficient spline orthogonal basis for representation of density functions,9,19,3,Table 6.Relative errors of approximated first principal component (Figure 13,https://www.ncbi.nlm.nih.gov/pmc/articles/PMC12985404/
PMC12986756,10.3390/s26051721,Physics-Topology-Anchored Learning: A Robust and Lightweight Framework for Time-Series Prediction and Anomaly Detection Under Data Scarcity,4,15,1,Figure 3 is qualitatively defined based on the data presented in Table 1,https://www.ncbi.nlm.nih.gov/pmc/articles/PMC12986756/
PMC12987163,10.3390/s26051700,Personalized Wrist–Forearm Static Gesture Recognition Using the Vicara Kai Controller and Convolutional Neural Network,17,19,3,Table 3. The average plot summarizing the entire experiment is shown in Figure 9,https://www.ncbi.nlm.nih.gov/pmc/articles/PMC12987163/
PMC12986678,10.3390/s26051602,Development of Low-Cost Soil Flux Chamber for CO2 Release Measurement,3,7,1,Table 2.3.2. Fabricated Soil Flux ChamberFigure 3,https://www.ncbi.nlm.nih.gov/pmc/articles/PMC12986678/
PMC12987247,10.3390/s26051570,Research on Spatial Information Network Vulnerability Analysis Methodology Based on Multi-Layer Hypernetworks,10,24,2,Table 7:Figure 13,https://www.ncbi.nlm.nih.gov/pmc/articles/PMC12987247/
PMC12987233,10.3390/s26051533,Extraction and Verification of Seismic Vibration Metrics via Laser Remote Sensing Utilizing Wavefront Sensors,9,23,5,"Figure 15, while the corresponding experimental parameters are listed in Table 1",https://www.ncbi.nlm.nih.gov/pmc/articles/PMC12987233/
PMC12987141,10.3390/s26051484,High-Frequency Oscillation Suppression Strategy for VSG MMC-HVDC Integrated Offshore Wind Farms Considering Frequency Coupling,8,24,2,Figure 17 and Table 3,https://www.ncbi.nlm.nih.gov/pmc/articles/PMC12987141/
PMC12986699,10.3390/s26051481,A Safe and Efficient Navigation Framework for Ground Vehicles on Uneven Terrain Considering Kinematic Constraints and Terrain Traversability,7,15,1,Table 3. The A*-guided sampling process is illustrated in Figure 4,https://www.ncbi.nlm.nih.gov/pmc/articles/PMC12986699/
PMC12987212,10.3390/s26051466,A Novel Non-Resonant Energy Harvester for Ultra-Low-Frequency Energy Harvesting from Human Walking,3,22,1,Table 1. Figure 4,https://www.ncbi.nlm.nih.gov/pmc/articles/PMC12987212/
PMC12987127,10.3390/s26051450,Design and Error Analysis of an Optical Measurement System for the Wavefront of Large-Aperture Segmented Mirror,16,24,4,"Figure 6, with the optomechanical analysis integration results presented in Table 5",https://www.ncbi.nlm.nih.gov/pmc/articles/PMC12987127/
PMC12987025,10.3390/s26051423,Hand Prosthesis with Soft Robotics Technology and Artificial Intelligence for Fine Motor Control,13,16,2,Figure 2. In Table 3,https://www.ncbi.nlm.nih.gov/pmc/articles/PMC12987025/
PMC12987361,10.3390/s26051414,Data Compression in LoRa Networks: Performance and Energy Trade-Offs of Classical and Cutting-Edge Compression Algorithms,6,9,3,Table 3 presents the energy consumption for the transmission approaches in Figure 3,https://www.ncbi.nlm.nih.gov/pmc/articles/PMC12987361/
PMC12987254,10.3390/polym18050662,Development of UV-Resistant Chitosan/Starch Biofilms Reinforced with Chitosan Nanoparticles for Sustainable Packaging,2,8,1,Table 2. Opacity was calculated using the absorbance at 600 nm.Figure 7,https://www.ncbi.nlm.nih.gov/pmc/articles/PMC12987254/
PMC12986647,10.3390/polym18050656,An Experimental and Modeling Study on the Interaction of Cements with Varying C3A Ratios and Different Water-Reducing Admixtures Using the op-ANN and Various Machine Learning Methods,20,12,1,Table 17 and Table 18 alongside the scatter diagrams in Figure 9,https://www.ncbi.nlm.nih.gov/pmc/articles/PMC12986647/
PMC12986847,10.3390/polym18050613,Optimization Study on the Two-Color Injection Molding Process of Medical Protective Goggles Based on the BP-SSA Algorithm,7,20,1,"Figure 14, and its relevant parameters are listed in Table 4",https://www.ncbi.nlm.nih.gov/pmc/articles/PMC12986847/
PMC12987094,10.3390/polym18050570,Computational Analyses of Stepped-Lap Composite Repairs on a Full-Scale Wing Model,8,24,1,"Table 6 indicate that cohesive and intralaminar failure modes exist, as shown in Figure 8",https://www.ncbi.nlm.nih.gov/pmc/articles/PMC12987094/
PMC12987016,10.3390/polym18050566,Novel NTA-Ni2+ Agarose-Based Microspheres: Structural Features and Chromatographic Capacity,3,6,1,Figure 1. As shown in Table 2,https://www.ncbi.nlm.nih.gov/pmc/articles/PMC12987016/
PMC12984258,10.3390/foods15050927,"Purification, Structural Characterization, and Immunomodulatory Activity of Polysaccharides from Cinnamomum cassia",4,6,2,Figure 2 and Table 2,https://www.ncbi.nlm.nih.gov/pmc/articles/PMC12984258/
PMC12985475,10.3390/ijms27052484,Virtual Screening of Marine Natural Products Targeting the F Protein for Anti-RSV Drug Discovery,4,10,1,Table 1). The predicted ADMET properties for all 129 compounds are visualized in Figure 7,https://www.ncbi.nlm.nih.gov/pmc/articles/PMC12985475/
PMC12984457,10.3390/ijms27052145,"Phytochemical Assessment, Evaluation of Antioxidant and Antibacterial Properties, and Molecular Docking to Elucidate the Regulation of Bacterial Biofilm Formation in an Herbal Formulation for the Treatment of Abscesses",9,8,2,Table 1 and Figure 1,https://www.ncbi.nlm.nih.gov/pmc/articles/PMC12984457/
PMC12986359,10.3390/ma19051024,Optimization and Performance Evaluation of Multi-Component Binder-Based Mortars Using Particle Packing Techniques,8,23,1,Table 8.Figure 23,https://www.ncbi.nlm.nih.gov/pmc/articles/PMC12986359/
PMC12985808,10.3390/ma19051007,Semi-Analytical Investigation into the Balanced Performance of Thick-Walled Fiber-Reinforced Flexible Pipes,5,11,2,Figure 5a. The manufacturing parameters of the pipe are shown in Table 1,https://www.ncbi.nlm.nih.gov/pmc/articles/PMC12985808/
PMC12985818,10.3390/ma19051005,Effect of H13 Surface Roughness on the Microstructure and Initial Corrosion Behavior of CrAlN Coatings,4,11,1,"Figure 9b,d. The EDS results are presented in Table 4",https://www.ncbi.nlm.nih.gov/pmc/articles/PMC12985818/
PMC12985590,10.3390/ma19050991,Analysis of Factors Influencing the Bonding Performance at the FFRP-Timber Interface,11,19,2,Table 4. Prepared specimens are shown in Figure 3,https://www.ncbi.nlm.nih.gov/pmc/articles/PMC12985590/
PMC12986479,10.3390/ma19050917,Enhancing the Performance of Laser Powder Bed-Fused Inconel 718 Through Effective Spatter Removal via Atmosphere Protection System Optimization,6,16,1,Table 2. The initial spatter generation location is illustrated in Figure 1,https://www.ncbi.nlm.nih.gov/pmc/articles/PMC12986479/
PMC12985826,10.3390/ma19050888,Activation Efficiency and Restoration Effects of SBS Network-Repairing Regenerators on Aged Asphalt,7,20,1,Table 7 and illustrated in Figure 20,https://www.ncbi.nlm.nih.gov/pmc/articles/PMC12985826/
PMC12985881,10.3390/ma19050849,An Experimental Study on the Influence of Waste Tyre Metal Fibre on Asphalt Mixture’s Performance Properties,9,19,1,Table 3 above and Figure 12,https://www.ncbi.nlm.nih.gov/pmc/articles/PMC12985881/
PMC12986248,10.3390/ma19050837,Synergistic Performance and Reaction Mechanisms of a Carbide Lime-Powdered Glass Composite for Soil Stabilization,3,13,1,Table 3.2.3. MethodsFigure 2,https://www.ncbi.nlm.nih.gov/pmc/articles/PMC12986248/
PMC12984240,10.3390/diagnostics16050789,TensorCSBP: A Tensor Center-Symmetric Feature Extractor for EEG Odor Detection,6,12,1,Figure 5.The computed classification performances are listed in Table 3,https://www.ncbi.nlm.nih.gov/pmc/articles/PMC12984240/
PMC12984245,10.3390/cancers18050857,Improving Brain Tumor Detection by Cortical Surface and Vessels Segmentation Through RGB-to-HSI Transfer Learning,8,12,1,Figure 8b and the VHR reported in Table 4,https://www.ncbi.nlm.nih.gov/pmc/articles/PMC12984245/
PMC12984875,10.3390/cancers18050790,Part 1: The Role of Thyroglobulin Antibodies in Thyroid Cancer Development and Aggressiveness,5,2,2,Table 2 and depicted in Figure 1,https://www.ncbi.nlm.nih.gov/pmc/articles/PMC12984875/
PMC12986716,10.3390/nano16050317,Influence of Mg Concentration on Overall Performance of APTES–ZnO/PANI Hybrids Flexible UV Photodetectors,5,13,1,Figure 6b and in Table 2,https://www.ncbi.nlm.nih.gov/pmc/articles/PMC12986716/
PMC12984025,10.1051/ject/2025057,Impact of early hyperoxia on outcomes during neonatal and pediatric veno-arterial extracorporeal life support★,5,1,1,Table 2). The relationship between PaO2 and patient survival is depicted in Figure 1,https://www.ncbi.nlm.nih.gov/pmc/articles/PMC12984025/
PMC12979495,10.3389/fbioe.2026.1753246,Altering VP1 and VP2 expression in trans affects the transduction efficiency of AAV9,3,4,2,Figure 4A). The mean molecular weights are presented in Table 1,https://www.ncbi.nlm.nih.gov/pmc/articles/PMC12979495/
PMC12979889,10.1177/20552076261415943,Machine learning-based prediction of long-term new-onset diabetes mellitus risk after pancreaticoduodenectomy using radiomics,5,5,1,Table 1.Figure 2,https://www.ncbi.nlm.nih.gov/pmc/articles/PMC12979889/
PMC12979524,10.3389/fpsyg.2026.1767558,Perceived social support and social/non-social problematic smartphone use among Chinese university students: a cross-sectional study of indirect associations via social anxiety,2,3,1,"Table 2, while correlations among key variables are shown in Figure 2",https://www.ncbi.nlm.nih.gov/pmc/articles/PMC12979524/
PMC12980250,10.34172/apb.025.45420,Deep Learning-Based Drug Half-Life Classification to Enhance Drug Development and Pharmacokinetics,6,5,2,Table 1.Figure 2,https://www.ncbi.nlm.nih.gov/pmc/articles/PMC12980250/
PMC12979910,10.1177/15330338261430993,"CDH1, CAV1, NR3C1, and ZEB1 are Potential Biomarkers in Colorectal Cancer Drug Resistance and Prognosis",3,10,2,Table 3.Figure 7,https://www.ncbi.nlm.nih.gov/pmc/articles/PMC12979910/
PMC12977119,10.1002/smsc.202500576,Microfluidics‐Driven Piezophotocatalysis: An Innovative Approach for Accelerated Water Remediation Using PVDF–Transition Metal Sulfide‐Based Piezocatalysts,2,13,1,"Table 1. The melting and cooling curves, depicted in Figure 3",https://www.ncbi.nlm.nih.gov/pmc/articles/PMC12977119/
PMC12975998,10.3389/fmicb.2026.1766962,"Detection of novel Wolbachia strains in Aedes aegypti populations from a recent arbovirus outbreak region in Pune District, Maharashtra, India (2024)",3,6,2,Table 1. Figure 3,https://www.ncbi.nlm.nih.gov/pmc/articles/PMC12975998/
PMC12976859,10.3389/fnut.2026.1764044,A risk prediction model based on immune-inflammatory-nutritional indicators for predicting 28-day mortality in sepsis patients with acute respiratory distress syndrome,3,5,1,Figure 1 and detailed in Table 1,https://www.ncbi.nlm.nih.gov/pmc/articles/PMC12976859/
PMC12977997,10.2147/DMSO.S593979,Extended Oral Glucose Tolerance Test Unmasks Intermediate Metabolic Phenotypes in Polycystic Ovary Syndrome,3,3,1,Table 3).The glycemic and insulin profiles across the four subgroups are delineated in Figure 2,https://www.ncbi.nlm.nih.gov/pmc/articles/PMC12977997/
PMC12978209,10.1111/imj.70324,Phenotyping of acute heart failure with preserved ejection fraction: real‐world outcomes in a cohort of older patients,2,3,1,Table 1 and Figure 2,https://www.ncbi.nlm.nih.gov/pmc/articles/PMC12978209/
PMC12971468,10.3389/fphar.2026.1745150,Ciprofol injection in patients receiving non-invasive positive pressure ventilation: a retrospective study,8,4,3,Figure 2).TABLE 3,https://www.ncbi.nlm.nih.gov/pmc/articles/PMC12971468/
PMC12973133,10.1002/jcv2.70019,Genetic influences on suicide attempt in adolescence: Evaluating mediation by impulsivity and painful and provocative events,3,3,1,"Table 2. Below, we describe results based on the numbered paths depicted in Figure 1",https://www.ncbi.nlm.nih.gov/pmc/articles/PMC12973133/
PMC12972119,10.1038/s41598-026-38270-8,"Synthesis and biological evaluation of ibuprofen/o-vanillin Schiff base complexes with anti-inflammatory, anti-proliferative and anti-SARS-COV-19 activities",12,22,1,Figure 13 and Table 5,https://www.ncbi.nlm.nih.gov/pmc/articles/PMC12972119/
PMC12973828,10.1080/20008066.2026.2630609,Temporal sequencing of symptom change in youth receiving treatment for posttraumatic stress disorder and substance use: secondary findings from a randomised controlled trial,7,4,2,Table 2 and depicted in Figure 2,https://www.ncbi.nlm.nih.gov/pmc/articles/PMC12973828/
PMC12975232,10.1097/MD.0000000000047882,The expression of tyrosine kinase and threonine promotes the progression of lung adenocarcinoma and is linked to a negative prognosis,2,8,1,Figure 4I.Table 2,https://www.ncbi.nlm.nih.gov/pmc/articles/PMC12975232/
PMC12968577,10.3748/wjg.v32.i9.114544,Lianhe Xiaozhi ointment ameliorates metabolic dysfunction-associated steatotic liver disease via peroxisome proliferator-activated receptor alpha pathway activation,2,9,6,"Figure 2, Supplementary Table 5",https://www.ncbi.nlm.nih.gov/pmc/articles/PMC12968577/
PMC12994755,10.2196/84674,Digital Dissemination Strategies for Health Promotion Videos in Indigenous Communities in California: Protocol for a Three-Arm Comparative Study,1,1,1,Table 1.Figure 1,https://www.ncbi.nlm.nih.gov/pmc/articles/PMC12994755/
PMC12994439,10.1111/risa.70204,Development of Dose‐Response Models for the Ingestion Exposure Route and Stillbirth Outcome for Listeria monocytogenes,8,9,2,Figure 4.TABLE 4,https://www.ncbi.nlm.nih.gov/pmc/articles/PMC12994439/
PMC12993801,10.1111/gcb.70799,A Radiocarbon‐Based Framework to Assess Soil Organic Carbon Persistence and Vulnerability Across Land‐Use Types,1,6,2,"Figure 3, Table 1",https://www.ncbi.nlm.nih.gov/pmc/articles/PMC12993801/
PMC12993705,10.1002/bmc.70416,Chemical Profiling and Biological Activity of Copaiba Oil‐Resin Samples and Development of HPLC‐DAD Method for the Analysis of β‐Caryophyllene,5,7,4,Figure 2 and Table 2,https://www.ncbi.nlm.nih.gov/pmc/articles/PMC12993705/
PMC12993266,10.1002/tpg2.70218,Randomization across breeding cohorts improves the accuracy of conventional and genomic selection,4,9,2,Figure 2; Table 2,https://www.ncbi.nlm.nih.gov/pmc/articles/PMC12993266/
PMC12993259,10.1111/mec.70299,Combining Population Genomics With Ancient DNA to Understand Island Colonisation History of the Madagascar Turtle Dove,4,10,1,Figure 4; see Table 1,https://www.ncbi.nlm.nih.gov/pmc/articles/PMC12993259/
PMC12993313,10.1136/rmdopen-2025-006564,Mortality incidence in spondyloarthritis: real-world evidence using the TriNetX Global Collaborative Network,3,3,1,table 1).Online supplemental figure 1,https://www.ncbi.nlm.nih.gov/pmc/articles/PMC12993313/
PMC12993343,10.1136/bmjgh-2025-020159,Lingering sex and age disparities in dolutegravir uptake among adults with HIV: a multicountry observational cohort study,3,2,1,figure 1).Table 2,https://www.ncbi.nlm.nih.gov/pmc/articles/PMC12993343/
PMC12993359,10.1136/bmjgh-2024-018569,"Temporal trends in cervical cancer incidence and mortality in economically emerging countries, 1992–2021: an age-period-cohort analysis",1,3,1,"Table 1, figure 1",https://www.ncbi.nlm.nih.gov/pmc/articles/PMC12993359/
PMC12993435,10.2340/1651-226X.2026.45045,Real-world management of patients with simultaneously diagnosed synchronous liver and lung metastatic colorectal cancer – a national cohort study,4,4,2,Table 4) as illustrated in an extended Kaplan–Meier curve (Figure 4,https://www.ncbi.nlm.nih.gov/pmc/articles/PMC12993435/
PMC12995430,10.1093/oncolo/oyaf436,Cost implications of early treatment discontinuation in cancer: a real-world data analysis,3,3,3,Table 2; Figure 3,https://www.ncbi.nlm.nih.gov/pmc/articles/PMC12995430/
PMC12994912,10.1161/CIRCEP.125.013875,Distinct Subdivisions of the Cingulo-Insular Region and Their Role in Modulating the Cardiac Sympathetic-Parasympathetic Balance,3,4,2,"Figure 3C, with the quantitative results shown in Figure 3D.Table 2",https://www.ncbi.nlm.nih.gov/pmc/articles/PMC12994912/
PMC12993349,10.1136/bmjopen-2024-098280,Association between maternal age at childbirth and children’s internalising problems in the USA: a cross-sectional mediation analysis of housing instability and family support using the 2022 National Survey of Children’s Health (NSCH),3,2,1,table 2 and figure 2,https://www.ncbi.nlm.nih.gov/pmc/articles/PMC12993349/
PMC12992921,10.1038/s41598-025-34846-y,Minimization of outage probability and energy consumption by deep learning-based prediction in D2D mm wave communication,6,10,1,Figure 9.Table 4,https://www.ncbi.nlm.nih.gov/pmc/articles/PMC12992921/
PMC12992194,10.1111/dom.70533,"Safety, feasibility, and dose‐dependent metabolic effects of endoscopic duodenal pulsed electric field therapy in adults with type 2 diabetes: Results from two multicentre proof‐of‐concept studies",2,3,1,Table 2 and Figure 2,https://www.ncbi.nlm.nih.gov/pmc/articles/PMC12992194/
PMC12836266,10.5500/wjt.v16.i1.103656,"Incidence, risk factors and survival outcomes of post-transplant tertiary hyperparathyroidism in kidney recipients",3,4,1,Table 3 and Figure 4,https://www.ncbi.nlm.nih.gov/pmc/articles/PMC12836266/
PMC12992156,10.1111/dom.70504,An oral glucose tolerance test in pregnancy and its association with future cardiovascular diseases,2,2,1,Figure 1). Baseline characteristics are presented in Table 1,https://www.ncbi.nlm.nih.gov/pmc/articles/PMC12992156/
PMC12994551,10.1002/smll.202512937,Anion Component Engineering of Spontaneous Perovskite Passivators for Energy Alignment Modulations in Perovskite Solar Cells,1,9,1,Figure 6 and Table 1,https://www.ncbi.nlm.nih.gov/pmc/articles/PMC12994551/
PMC12992186,10.1111/dom.70464,"Diabetic kidney disease, biomarkers, and finerenone",3,1,1,Table 2 and Figure 1,https://www.ncbi.nlm.nih.gov/pmc/articles/PMC12992186/
PMC12992193,10.1111/dom.70449,Dual action of imeglimin on insulin secretion and sensitivity in type 2 diabetes,2,3,1,Figure 1. A summary of the various indicators obtained from the OGTT is shown in Table 2,https://www.ncbi.nlm.nih.gov/pmc/articles/PMC12992193/
PMC12994515,10.1097/j.pain.0000000000003865,Spontaneous activity in pain patient stem cell–derived sensory neurons arises from one functional subclass,1,8,1,"Table 3A and B, http://links.lww.com/PAIN/C423).Figure 5",https://www.ncbi.nlm.nih.gov/pmc/articles/PMC12994515/
PMC12993438,10.1093/gigascience/giaf152,LinkML: an open data modeling framework,3,8,1,Table 2.Figure 6,https://www.ncbi.nlm.nih.gov/pmc/articles/PMC12993438/
PMC12993704,10.1002/jhbp.70041,Integrative Genomics Reveals Causal Pleiotropy and Therapeutic Opportunities at the Interface of Acute Pancreatitis and Infection,1,6,1,Figure 4A; Table 1,https://www.ncbi.nlm.nih.gov/pmc/articles/PMC12993704/
PMC12992448,10.1007/s11096-025-02037-4,Comparative effectiveness and safety of fluticasone-based versus beclometasone-based single-inhaler triple therapies in patients with chronic obstructive pulmonary disease: a population-based cohort study,4,2,1,Table 8 and Supplementary Table 9). Figure 1,https://www.ncbi.nlm.nih.gov/pmc/articles/PMC12992448/
PMC12991920,10.1002/art.43424,Distinct HLA Associations for Antibody Multireactivity With Citrulline‐Containing Type II Collagen Epitopes Versus More Limited Antibody Reactivity With Citrulline‐Containing IgG Epitopes in Rheumatoid Arthritis,2,4,3,"Table 1), the antibody with the most associated serum multireactivity (Supplementary Figure 2",https://www.ncbi.nlm.nih.gov/pmc/articles/PMC12991920/
PMC12993265,10.1111/aor.70021,Trial‐Based Hemolysis Modeling to Investigate Operating Modes of Continuous‐Flow LVADs,1,9,1,Figure 5. Scaling parameters and identified power law parameters are provided in Table 1,https://www.ncbi.nlm.nih.gov/pmc/articles/PMC12993265/
PMC12991923,10.1002/art.43401,Effect of Time to Start of Biologic Therapy on Treatment Response in Childhood Arthritis: Results From the UCAN CAN‐DU Cohort,4,2,3,Figure 2).Table 2,https://www.ncbi.nlm.nih.gov/pmc/articles/PMC12991923/
PMC12994649,10.1111/jan.70113,Mobilisation Alarm Use in Hospitals and Alignment With Person‐Centred Practice: A Qualitative Study,3,2,2,Figure 1 provides an overview of themes mapped to the PCPF. Table 3,https://www.ncbi.nlm.nih.gov/pmc/articles/PMC12994649/
PMC12991919,10.1002/art.43332,Association of Abatacept With Lower Mortality Risk Compared to Rituximab in Rheumatoid Arthritis–Associated Interstitial Lung Disease: An Emulated Target Trial,3,3,3,Table 1; Supplementary Figure 2,https://www.ncbi.nlm.nih.gov/pmc/articles/PMC12991919/
PMC12994675,10.1111/jan.70080,Person‐Centred Learning: Enabling Development of Clinical Competence in Nursing Students Following Initial Failure During Clinical Education—A Grounded Theory Study,4,1,1,FIGURE 1Person‐centred learning enabling development of clinical competence.TABLE 4,https://www.ncbi.nlm.nih.gov/pmc/articles/PMC12994675/
PMC12994642,10.1111/jan.17093,The Association Between Caregiver Psychosocial Factors and Depressive Symptoms in People With Dementia: A Systematic Review and Meta‐Analysis,3,8,2,Figure 1).FIGURE 1PRISMA flow diagram.3.2Study CharacteristicsTable 1,https://www.ncbi.nlm.nih.gov/pmc/articles/PMC12994642/
PMC12994659,10.1111/jan.17095,Communication Dynamics Between Professional Nursing Organisations and Their Stakeholders: A Scoping Review,3,2,1,Figure 1).FIGURE 1PRISMA diagram. **The exclusion criteria are detailed in Table 2,https://www.ncbi.nlm.nih.gov/pmc/articles/PMC12994659/
PMC12994669,10.1111/jan.17073,Evaluating a Group‐Based Intervention Addressing Fear of Childbirth in Multiparous Pregnant Women: A Mixed Methods Feasibility Study,5,5,2,Figure 2).TABLE 2,https://www.ncbi.nlm.nih.gov/pmc/articles/PMC12994669/
PMC12994882,10.2196/66074,"Smartphone Cardiac Rehabilitation, Assisted Self-Management (SCRAM) Versus Usual Care: Multicenter Randomized Controlled Trial",6,2,1,Figure 2); characteristics are reported in Table 2,https://www.ncbi.nlm.nih.gov/pmc/articles/PMC12994882/
PMC12994693,10.1093/esj/aakag016,HARMONICS: feasibility of a holistic value-based care hybrid programme that maximises clinical outcomes after stroke,4,3,1,Figure 2). Detailed measures of PROMs assessed for each cohort are presented in Table 4,https://www.ncbi.nlm.nih.gov/pmc/articles/PMC12994693/
PMC12994761,10.2196/81125,The TBI-AD/ADRD Caregiver Support Intervention (TACSI): Protocol of a Pilot Randomized Controlled Trial Evaluation of a Remote Intervention for Family Caregivers,3,4,1,Table 1 displays the SPIRIT timeline [30].Figure 3,https://www.ncbi.nlm.nih.gov/pmc/articles/PMC12994761/
PMC12994766,10.2196/59700,Examination of the Acceptability and Feasibility of a Virtually Delivered Facilitator-Led and Self-Directed Cognitive Behavioral Skills Intervention in a Sample of Physicians and Medical Learners: Mixed Methods Evaluation,6,2,1,Figure 1 and Table 3,https://www.ncbi.nlm.nih.gov/pmc/articles/PMC12994766/
PMC12994757,10.2196/63135,Electronic Medical Record Attitudes and Predictors of Adoption Among Ethiopian Health Professionals: Cross-Sectional Study,6,7,4,Table 4 and represented in Figure 2,https://www.ncbi.nlm.nih.gov/pmc/articles/PMC12994757/
PMC12994760,10.2196/75662,Adherence to and Engagement With an mHealth Physical Activity Intervention After Mild Stroke or Transient Ischemic Attack: Secondary Analysis of a Feasibility Randomized Controlled Trial,3,6,1,Table 1).Figure 3,https://www.ncbi.nlm.nih.gov/pmc/articles/PMC12994760/
PMC12994622,10.1002/ejp.70256,"Effects of Tetrodotoxin on Safety, and Sensory and Respiratory Systems: A Dose‐Escalating Study in Healthy Volunteers",5,2,1,Table 1.FIGURE 1,https://www.ncbi.nlm.nih.gov/pmc/articles/PMC12994622/
PMC12993913,10.1111/jpi.70140,"Low‐Dose Melatonin, Climacteric Symptoms and Sleep in Female Shift Workers: A Randomized Controlled Trial",7,6,1,Table 5).Figure 3,https://www.ncbi.nlm.nih.gov/pmc/articles/PMC12993913/
PMC12993795,10.1111/iju.70400,A Minimum 3‐Year Follow‐Up of Nivolumab‐Plus‐Ipilimumab in Japanese Patients With Advanced or Metastatic Renal Cell Carcinoma: A Final Analysis of the J‐ENCORE Study,6,5,1,Figure 4).TABLE 2,https://www.ncbi.nlm.nih.gov/pmc/articles/PMC12993795/
PMC12993115,10.1002/dvg.70047,"Generation of a Novel 
Col8a2P2A‐CreERT2

 Mouse Line Enables Targeted Genetic Manipulation of Corneal Endothelial Cells and Modeling of Endothelial Decompensation",3,8,3,Table 2).FIGURE 2,https://www.ncbi.nlm.nih.gov/pmc/articles/PMC12993115/
PMC12993114,10.1002/jeq2.70159,Stream channel storage: Closing the watershed total phosphorus budget,2,4,2,Figure 2). Total annual discharge and daily mean discharge for 2015 and 2016 (Table 1,https://www.ncbi.nlm.nih.gov/pmc/articles/PMC12993114/
PMC12993311,10.1136/bmjopen-2025-106587,Association between high-risk drinking and cardiovascular health based on Life’s Essential 8: analysis using 2016–2021 Korean National Health and Nutrition Examination Survey data,4,3,1,table 2).Figure 2,https://www.ncbi.nlm.nih.gov/pmc/articles/PMC12993311/
PMC12993306,10.1136/bmjopen-2024-090247,Cost-effectiveness of levonorgestrel intrauterine system versus hysteroscopic niche resection for caesarean scar–related spotting in China: an economic evaluation alongside a randomised controlled trial,3,3,1,"figure 2, table 1",https://www.ncbi.nlm.nih.gov/pmc/articles/PMC12993306/
PMC12992198,10.1111/codi.70423,Anastomotic leakage increases the risk of major low anterior resection syndrome 3 years after rectal cancer surgery,1,2,1,Table 1).FIGURE 2,https://www.ncbi.nlm.nih.gov/pmc/articles/PMC12992198/
PMC12993307,10.1136/bmjgh-2025-019790,Causes of death from community settings: insights from verbal autopsy implementation in Tanzania,1,2,1,figure 710.1136/bmjgh-2025-019790online supplemental table 110,https://www.ncbi.nlm.nih.gov/pmc/articles/PMC12993307/
PMC12993346,10.1136/bmjgh-2025-018964,Implementation of essential newborn care in settings of high-intensity armed conflict: a systematic review,1,3,1,table 1).Figure 2,https://www.ncbi.nlm.nih.gov/pmc/articles/PMC12993346/
PMC12993695,10.1001/jamanetworkopen.2026.1943,Hydralazine Use and Risk of Vasculitis,3,2,2,Table 1).Figure 1,https://www.ncbi.nlm.nih.gov/pmc/articles/PMC12993695/
PMC12993345,10.1136/jitc-2025-014658,Role of solute carrier family 7 member 7 in cancer: opportunities for tumor microenvironment research,2,2,1,table 2 and figure 2,https://www.ncbi.nlm.nih.gov/pmc/articles/PMC12993345/
PMC12993347,10.1136/bmjgh-2025-019592,Cost-effectiveness of three screening strategies for atrial fibrillation in Sri Lanka: a decision-tree modelling analysis using community-based prevalence data,3,2,1,figure 1).Table 3,https://www.ncbi.nlm.nih.gov/pmc/articles/PMC12993347/
PMC12993308,10.1136/bmjgh-2025-022563,Effect of a digital training package on clinical outcomes in Malawi’s index case testing programme: a cluster randomised controlled trial,2,3,1,table 2).Figure 3,https://www.ncbi.nlm.nih.gov/pmc/articles/PMC12993308/
PMC12993334,10.1136/bmjgh-2025-020808,Delivering an effective violence prevention intervention at scale: testing an alternative delivery model for the Good School Toolkit in Uganda,3,2,2,"Figure 1Flow chart of schools participating. RRPs, Regional Resource Persons.Table 2",https://www.ncbi.nlm.nih.gov/pmc/articles/PMC12993334/
PMC12993189,10.1016/j.jbc.2026.111294,Structural insights into specific recognition of the histone variant H2A.Z by the YL1 subunit of SRCAP chromatin-remodeling complex,2,7,1,"Figure 1A, Fig. S2A and Table 1",https://www.ncbi.nlm.nih.gov/pmc/articles/PMC12993189/
PMC12995429,10.1093/oncolo/oyag051,Pulse wave analysis for quality-of-life associated early physiological changes during breast cancer chemotherapy: a proof-of-concept pilot study,2,5,1,Table 1 shows the baseline characteristics of 41 BC patients. Whole-data comparison in Figure 2,https://www.ncbi.nlm.nih.gov/pmc/articles/PMC12995429/
PMC12992593,10.1038/s41598-025-33062-y,Fusion of NSGA-II and Latin hypercube sampling for optimizing node displacement in thin-film IME molding,4,17,2,"Table 1), as well as a 3D graph of the parameter combinations (Figure 4",https://www.ncbi.nlm.nih.gov/pmc/articles/PMC12992593/
PMC12991972,10.3389/fendo.2026.1736410,Association between diabetes mellitus and risk of Alzheimer’s disease: a meta-analysis and systematic review,2,5,1,Table 2.Figure 1,https://www.ncbi.nlm.nih.gov/pmc/articles/PMC12991972/
PMC12992011,10.3389/fonc.2026.1741834,Indocyanine green-assisted lymphography for intraoperative chyle leak prevention during esophageal cancer surgery: a systematic review of the literature,2,3,1,Figure 2).Table 2,https://www.ncbi.nlm.nih.gov/pmc/articles/PMC12992011/
PMC12994423,10.5152/tjg.2025.25432,Optimal Timing of Endoscopic Intervention for Acute Variceal Bleeding in Cirrhotic Patients: A Systematic Review and Meta-Analysis,3,3,1,Figure 2D).Secondary OutcomesSupplementary Table 3,https://www.ncbi.nlm.nih.gov/pmc/articles/PMC12994423/
PMC12992288,10.3389/fneur.2026.1770673,The impact of bright light therapy on non-motor symptoms in patients with Parkinson’s disease: a systematic review and meta-analysis,5,14,2,Table 3.Figure 2,https://www.ncbi.nlm.nih.gov/pmc/articles/PMC12992288/
PMC12989392,10.3389/fonc.2026.1755605,Prognostic value of lymph node ratio after neoadjuvant chemotherapy for gastric cancer: a systematic review and meta-analysis,3,5,1,Table 3.Figure 1,https://www.ncbi.nlm.nih.gov/pmc/articles/PMC12989392/
PMC12989406,10.3389/fneur.2026.1783757,Human umbilical cord mesenchymal stem cells therapy for Alzheimer’s disease: a systematic review and meta-analysis of mouse models,1,6,1,Figure 5A). Detailed results of the meta-analysis are presented in Table 1,https://www.ncbi.nlm.nih.gov/pmc/articles/PMC12989406/
PMC12989839,10.3389/fspor.2026.1733470,Effects of the single and combined effect of music and other strategies on combat sport performance: a systematic review and meta-analysis,8,6,5,Figure 2 and Table 3,https://www.ncbi.nlm.nih.gov/pmc/articles/PMC12989839/
PMC12989393,10.3389/fendo.2026.1754896,Association between endothelin-1 and diabetic retinopathy: a systematic review and meta-analysis,1,4,1,"Figure 1, and the key characteristics of the included studies are presented in Table 1",https://www.ncbi.nlm.nih.gov/pmc/articles/PMC12989393/
PMC12989353,10.3389/fendo.2026.1785329,Effects of different dosages of Sodium-glucose cotransporter 2 inhibitors on glucose level change in patients with type 2 diabetes stratified by HbA1c and renal function: a systematic review and meta-analysis,1,5,2,"Figure 1, and the PRISMA checklist is shown in Supplementary Table 1",https://www.ncbi.nlm.nih.gov/pmc/articles/PMC12989353/
PMC12990212,10.3389/fvets.2026.1758586,Systematic review and meta-analysis of adult multipotent stromal/stem cell treatment for equine tendinopathy and desmopathy,2,9,1,Table 1; Supplementary Table 1) (36).Figure 1,https://www.ncbi.nlm.nih.gov/pmc/articles/PMC12990212/
PMC12989542,10.3389/fphar.2026.1756578,"Beyond codeine – the evidence landscape of conventional, natural, and emerging antitussive therapies: a systematic review and meta-analysis",3,7,1,"Figure 1 (Page et al., 2021) illustrates the study selection process. Table 2",https://www.ncbi.nlm.nih.gov/pmc/articles/PMC12989542/
PMC12989487,10.3389/fmed.2026.1778037,Efficacy and safety of soluble guanylate cyclase stimulators or activators for chronic kidney disease: a systematic review and meta-analysis,3,7,4,Table 3).Figure 2,https://www.ncbi.nlm.nih.gov/pmc/articles/PMC12989487/
PMC12991648,10.1097/MD.0000000000047994,GLP-1 receptor agonists for weight loss: A systematic review and meta-analysis of randomized controlled trials,4,7,1,Figure 7 and Table 4,https://www.ncbi.nlm.nih.gov/pmc/articles/PMC12991648/
PMC12991781,10.1097/MD.0000000000048013,The efficacy and safety of serratus anterior plane block in patients undergoing cardiac surgery: A systematic review and meta-analysis,2,7,1,Table 1. The results of the risk of bias assessment are presented in Figure 2,https://www.ncbi.nlm.nih.gov/pmc/articles/PMC12991781/
PMC12989932,10.4266/acc.003744,High-flow nasal cannula for respiratory support in children with severe asthma attack: a systematic review and meta-analysis,3,3,1,"Table 1, and bias assessment results are provided in Table 2 and Figure 2",https://www.ncbi.nlm.nih.gov/pmc/articles/PMC12989932/
PMC12989194,10.1002/jso.70194,Vascular Reconstruction in Extremity Soft Tissue Sarcomas: A Systematic Review and Single‐Arm Meta‐Analysis,4,4,2,Table 4.Figure 2,https://www.ncbi.nlm.nih.gov/pmc/articles/PMC12989194/
PMC12920159,10.1177/18632521261419773,Prevalence of posttraumatic stress disorder in paediatric patients following orthopaedic trauma: A systematic review,2,2,1,Table 1).Figure 1,https://www.ncbi.nlm.nih.gov/pmc/articles/PMC12920159/
PMC12983529,10.3389/fmed.2026.1761829,Tooth loss and infrequent brushing significantly elevate gastric cancer risk: an updated systematic review and meta-analysis with heterogeneity exploration,1,5,2,"Table 1, Figure 3",https://www.ncbi.nlm.nih.gov/pmc/articles/PMC12983529/
PMC12982063,10.3389/fonc.2026.1742423,A systematic review and meta−analysis on the prepectoral and partial subpectoral immediate single−stage Implant-Based Breast Reconstruction Using ADM,5,5,2,"Figure 1). Four of these studies were prospective, and the others were retrospective (Table 1",https://www.ncbi.nlm.nih.gov/pmc/articles/PMC12982063/
PMC12986992,10.3390/nu18050842,Complex Effects of B-Vitamin Combinations on Cardiovascular Diseases: A Systematic Review and Meta-Analysis of Randomized Controlled Trials over Three Decades,3,6,1,Table 2 and Figure 5,https://www.ncbi.nlm.nih.gov/pmc/articles/PMC12986992/
PMC12987049,10.3390/nu18050807,"Post-Diagnosis Adherence to the Mediterranean Diet and Cancer Recurrence and Fatigue Outcomes in Cancer Survivors, with Emphasis on Colorectal Cancer: A Systematic Review and Meta-Analysis",7,4,2,"Figure 2, and study characteristics are summarized in Table 2",https://www.ncbi.nlm.nih.gov/pmc/articles/PMC12987049/
PMC12986964,10.3390/nu18050740,Effects of Low-Carbohydrate and Ketogenic Diets on Aerobic Performance in Trained Athletes: A Systematic Review and Meta-Analysis,11,6,16,"Figure 1, Table 4",https://www.ncbi.nlm.nih.gov/pmc/articles/PMC12986964/
PMC12985608,10.3390/ijms27052363,Beta-Blocker Therapy After Myocardial Infarction: A Systematic Review and Meta-Analysis of Contemporary Randomized Controlled Trials,1,4,1,Table 1 and Figure 2,https://www.ncbi.nlm.nih.gov/pmc/articles/PMC12985608/
PMC12984639,10.3390/diagnostics16050774,Artificial Intelligence for Preoperative Prediction of Lymph Node Metastasis and Depth of Invasion in Oral Tongue Squamous Cell Carcinoma: A Systematic Review and Meta-Analysis,6,6,1,Table 2.3.2. Quality AssessmentFigure 2,https://www.ncbi.nlm.nih.gov/pmc/articles/PMC12984639/
PMC12985247,10.3390/diagnostics16050729,A Systematic Review and Meta-Analysis on the Diagnostic Test Accuracy of Hepatorenal Index in Pediatric Metabolic Dysfunction-Associated Steatotic Liver Disease,3,6,1,Table 3 and Figure 2,https://www.ncbi.nlm.nih.gov/pmc/articles/PMC12985247/
PMC12986129,10.3390/jcm15051987,Effect of Magnesium-Modified Titanium Implants on Osseointegration: A Systematic Review and Meta-Analysis of Preclinical Studies,2,5,1,Figure 2; Table 2,https://www.ncbi.nlm.nih.gov/pmc/articles/PMC12986129/
PMC12992207,10.1016/j.landig.2025.100960,"Large language models for simplifying radiology reports: a systematic review and meta-analysis of patient, public, and clinician evaluations",1,5,1,table 1.Figure 1,https://www.ncbi.nlm.nih.gov/pmc/articles/PMC12992207/
PMC12992088,10.1016/j.bjane.2026.844731,Effectiveness and safety of antifibrinolytic agents in off-pump coronary artery bypass grafting: a systematic review and meta-analysis,1,4,1,Figure 1 dummy alt textTable 1,https://www.ncbi.nlm.nih.gov/pmc/articles/PMC12992088/
PMC12994683,10.1111/jan.17107,Effects of Psychosocial Interventions on Loneliness Amongst Long‐Term Care Residents: A Systematic Review and Meta‐Analysis,2,2,1,Table 1).FIGURE 1,https://www.ncbi.nlm.nih.gov/pmc/articles/PMC12994683/
PMC12993176,10.3389/fphar.2026.1728485,Febuxostat effectively reduces uric acid but has a limited renoprotective effect on renal transplant recipients with hyperuricemia: a meta-analysis,4,5,1,Table 1 and Supplementary Table S2.FIGURE 1,https://www.ncbi.nlm.nih.gov/pmc/articles/PMC12993176/
PMC12992012,10.3389/fimmu.2026.1792283,Neoadjuvant chemoradiotherapy with or without PD-1 inhibitors in MMR−proficient non−metastatic rectal cancer: a meta-analysis of randomized controlled trials,1,3,1,Table 2.Figure 1,https://www.ncbi.nlm.nih.gov/pmc/articles/PMC12992012/
PMC12994695,10.1093/noajnl/vdag022,"A systematic review and meta-analysis of outcomes following active surveillance, surgery and radiotherapy of meningiomas in NF2-related schwannomatosis",5,1,1,Table 1 summarizes the key characteristics of the included studies.Figure 1,https://www.ncbi.nlm.nih.gov/pmc/articles/PMC12994695/
PMC12990028,10.1111/jopr.70074,Cost‐efficiency of digital versus conventional workflow for removable complete dentures: A systematic review and meta‐analysis,2,4,1,FIGURE 1Flowchart of the study according to the 2020 PRISMA Checklist.TABLE 1,https://www.ncbi.nlm.nih.gov/pmc/articles/PMC12990028/
PMC12987781,10.1007/s00405-025-09644-x,Arteriovenous fistula in the head and neck - a systematic review and meta-analysis of clinical presentation,2,2,1,Figure 2 provides a graphical overview of the anatomical distribution of the hAVFs and Table 3,https://www.ncbi.nlm.nih.gov/pmc/articles/PMC12987781/
PMC12983064,10.3389/fendo.2026.1748814,"Efficacy and safety of acupuncture-related therapies in improving insulin resistance, reproductive endocrine outcomes, and ovarian morphology in polycystic ovary syndrome: a systematic review and network meta-analysis",3,5,1,Table 2 and Figure 4,https://www.ncbi.nlm.nih.gov/pmc/articles/PMC12983064/
PMC12983333,10.3389/fonc.2026.1597317,Comparison of the effects of cognitive-supportive-relaxation multimodal psychosocial intervention on fear of cancer recurrence and psychological resilience in breast cancer patients: a network meta-analysis based on randomized controlled trials,6,15,6,Table 2; Figure 4,https://www.ncbi.nlm.nih.gov/pmc/articles/PMC12983333/
PMC12994762,10.2196/76018,A Comparison of Participant Demographics Across Co-Designed Recruitment Methods to Two Student Mental Health Trials: Cross-Sectional Observational Study,3,1,2,"Table 1 shows the content, dates run, costs, and numbers recruited in those dates. Figure 1",https://www.ncbi.nlm.nih.gov/pmc/articles/PMC12994762/
PMC12836228,10.5500/wjt.v16.i1.114367,Induction therapy in kidney transplant recipients: A consensus statement of Indian Society of Organ Transplantation,5,6,1,Table 5)[16].Figure 5,https://www.ncbi.nlm.nih.gov/pmc/articles/PMC12836228/
PMC12992162,10.1111/dom.70511,Efficacy of telemedicine on glycaemic control in nursing home residents with type 2 diabetes on basal‐bolus insulin therapy: A randomised controlled trial,1,1,2,Table 1).FIGURE 1,https://www.ncbi.nlm.nih.gov/pmc/articles/PMC12992162/
PMC12993703,10.1002/jhbp.70052,Automatic and Real‐Time Surgeon's Gazing Point Detection From Surgical Videos Using Machine Learning and Mathematical Algorithm,2,5,2,Figure 4 and Table 1,https://www.ncbi.nlm.nih.gov/pmc/articles/PMC12993703/
PMC12991912,10.1002/art.43447,The Impact of Nonsteroidal Anti‐Inflammatory Drugs on Radiographic Spinal Progression in Patients With Axial Spondyloarthritis: 10‐Year Results From an Inception Cohort,3,2,2,Table 2.Figure 1,https://www.ncbi.nlm.nih.gov/pmc/articles/PMC12991912/
PMC12992634,10.1177/13591045251396299,Psychometric Evaluation of the Turkish Adapted Posttraumatic Safety-Seeking Behaviours Scale (CSBS) and Network Analysis of PTSD Symptoms in Earthquake-Exposed Children and Adolescents,5,3,2,Figure 1 and the goodness of fit index values obtained are given in Table 3,https://www.ncbi.nlm.nih.gov/pmc/articles/PMC12992634/
PMC12993257,10.1111/aor.70038,Follow‐Up of Left‐Ventricular Assist Device Patients With Telemonitoring: A National Retrospective Multicentric Study on the Satelia LVAD Web Application,3,2,1,Table 3). As shown in Figure 2,https://www.ncbi.nlm.nih.gov/pmc/articles/PMC12993257/
PMC12993260,10.1111/aor.70023,Differential Impact of Polymyxin B Hemadsorption on Long‐Term Mortality in Septic Shock: A Retrospective Analysis of Intra‐Abdominal Versus Extra‐Abdominal Infections,2,4,1,"FIGURE 1Patient selection. ICU, intensive care unit; PMX, polymyxin B hemadsorption.Table 1",https://www.ncbi.nlm.nih.gov/pmc/articles/PMC12993260/
PMC12991924,10.1002/art.43326,Case‐Based Immunology: B Cells and Systemic Sclerosis Interstitial Lung Disease,3,3,1,Table 1 and Supplemental Figure 1,https://www.ncbi.nlm.nih.gov/pmc/articles/PMC12991924/
PMC12993869,10.1016/j.parkreldis.2025.107328,Cognitive measures predict falls in Parkinson’s disease: Insights from the CYCLE-II cohort,2,2,1,Figure 2Supplementary Table 1,https://www.ncbi.nlm.nih.gov/pmc/articles/PMC12993869/
PMC12995393,10.1093/hropen/hoag015,Periconceptional GLP-1 receptor agonist exposure and obstetric outcomes: a Danish nationwide cohort study,5,3,1,Table 3).Figure 2,https://www.ncbi.nlm.nih.gov/pmc/articles/PMC12995393/
PMC12993483,10.3389/fphar.2026.1716698,Real-world evidence for atropine titration in myopia control: a comparative study of three low-dose regimens in Chinese children,4,1,1,Table 2 and Figure 1,https://www.ncbi.nlm.nih.gov/pmc/articles/PMC12993483/
PMC12993280,10.3389/fbinf.2026.1787360,From clinical phenotypes to genomic signatures: machine learning integration for precision tuberculosis treatment prediction,2,10,1,Table 2; Figure 6,https://www.ncbi.nlm.nih.gov/pmc/articles/PMC12993280/
PMC12994474,10.1093/ofid/ofag092,Intravenous Immunoglobulin Treatment in Patients With Streptococcal Toxic Shock Syndrome in Southern Sweden: A Retrospective Population-Based Study,5,2,2,"Table 5, Supplementary Figure 1",https://www.ncbi.nlm.nih.gov/pmc/articles/PMC12994474/
PMC12994476,10.1093/ehjdh/ztaf149,Extended and comprehensive e-Health modalities to improve outcome in patients with worsened heart failure: design and rationale of the EXCEED-HF study,3,4,1,Figure 2; Table 2,https://www.ncbi.nlm.nih.gov/pmc/articles/PMC12994476/
PMC12992321,10.3389/fpsyt.2026.1677235,Metabolomic and gut microbial biomarkers of smoking cessation treatment in long-term drug therapy: a study protocol for a randomized controlled trial,3,3,1,Figure 3: Consort Flow Chart for further illustration).Table 1,https://www.ncbi.nlm.nih.gov/pmc/articles/PMC12992321/
PMC12994023,10.1016/j.ekir.2026.106359,Perirenal Adipose Tissue may be an Important Predictor of Adverse Kidney Outcomes in Living Kidney Donors,6,6,2,Table 1.Figure 2,https://www.ncbi.nlm.nih.gov/pmc/articles/PMC12994023/
PMC12992062,10.3389/fmicb.2026.1777861,Comparative analysis of microbial diversity and clinical outcomes in critically ill patients with and without malignancies: a single-center retrospective cohort study,5,4,1,Table 5.Figure 4,https://www.ncbi.nlm.nih.gov/pmc/articles/PMC12992062/
PMC12992273,10.3389/fpubh.2026.1791963,"Workplace violence, psychological capital, and professional identity among Chinese nursing interns: a latent profile and mediation analysis",3,2,1,Figure 2.Table 3,https://www.ncbi.nlm.nih.gov/pmc/articles/PMC12992273/
PMC12994532,10.2147/OPTH.S587531,Combined Burst Mode versus Torsional Mode Phacoemulsification for Patients with Hard Nuclear Cataracts: A Prospective Comparative Cohort Study,4,2,1,Table 4 and Figure 2,https://www.ncbi.nlm.nih.gov/pmc/articles/PMC12994532/
PMC12992629,10.1038/s41392-025-02536-w,Nanoparticles-based phototherapy systems: molecular mechanisms and clinical applications,3,11,1,Table 3). Figure 11,https://www.ncbi.nlm.nih.gov/pmc/articles/PMC12992629/
PMC12995431,10.1093/oncolo/oyag074,Molecular landscape of prostate cancers with clival metastases,1,3,1,Table 1).Figure 1,https://www.ncbi.nlm.nih.gov/pmc/articles/PMC12995431/
PMC12995200,10.4103/lungindia.lungindia_191_25,Acute respiratory distress syndrome after administration of lidocaine in bronchoscopy,1,1,1,Figure 1c-e].Table 1,https://www.ncbi.nlm.nih.gov/pmc/articles/PMC12995200/
PMC12995198,10.4103/lungindia.lungindia_413_25,Unveiling MicroRNA-21 as a non-invasive diagnostic biomarker in chronic obstructive pulmonary disease-associated pulmonary hypertension: Comparative insights with NT-proBNP,3,1,1,"Table 3, Figure 1",https://www.ncbi.nlm.nih.gov/pmc/articles/PMC12995198/
PMC12994129,10.1002/ajh.70229,2026 Update on the Management of Diffuse Large B‐Cell Lymphoma,3,1,5,"Figure 1, Table 1",https://www.ncbi.nlm.nih.gov/pmc/articles/PMC12994129/
PMC12992161,10.1111/dom.70468,Early detection of type 2 diabetes mellitus‐associated cognitive dysfunction: The potential of amide proton transfer‐weighted imaging,6,5,3,"Table 4) (Supporting Information S1: ESM A‐1f–k, Figure 3",https://www.ncbi.nlm.nih.gov/pmc/articles/PMC12992161/
PMC12993474,10.1016/S2213-8587(25)00319-5,"3 months vs 12 months of romosozumab for postmenopausal osteoporosis (LIDA): an open-label, non-inferiority, randomised controlled trial",3,3,1,table 1).The changes in BMD in the two treatment groups are shown in figure 2,https://www.ncbi.nlm.nih.gov/pmc/articles/PMC12993474/
PMC12994406,10.3389/fpubh.2026.1674020,Effects of temperature and humidity on hospitalizations for metabolic syndrome with cerebral infarction among older adults in Panzhihua: a distributed lag non-linear model analysis,4,6,1,Table 4).Figure 3,https://www.ncbi.nlm.nih.gov/pmc/articles/PMC12994406/
PMC12992013,10.3389/fonc.2026.1786335,"Risk-stratified surveillance after LEEP: a nomogram integrating HPV persistence, margin status, and clinical factors to predict CIN2+ recurrence",4,4,11,Figure 1A). Baseline characteristics stratified by recurrence status are summarized in Table 1,https://www.ncbi.nlm.nih.gov/pmc/articles/PMC12992013/
PMC12992311,10.3389/fmed.2026.1717571,Associations of serum sTREM-1 and sTREM-2 with mortality and neurological prognosis in patients resuscitated from cardiac arrest: a machine learning-based approach,3,7,1,Figure 5).Table 2,https://www.ncbi.nlm.nih.gov/pmc/articles/PMC12992311/
PMC12991978,10.3389/fimmu.2026.1623684,Innovative strategies in kidney paired donation: single-center experience achieving the highest annual transplant volume globally,2,2,1,Figure 2 and Table 2,https://www.ncbi.nlm.nih.gov/pmc/articles/PMC12991978/
PMC12992327,10.3389/fmed.2026.1730431,Hotspots and frontiers in chronic postoperative pain: a bibliometric analysis and review (2004–2025),3,12,1,"Figure 6, the majority of authors (nearly 0.8) produced only one document. Table 2",https://www.ncbi.nlm.nih.gov/pmc/articles/PMC12992327/
PMC12992057,10.3389/fimmu.2026.1760409,A pre-emptive risk model for acute rejection in liver transplantation: an immunopharmacologic biomarker panel combining CD4+ T-cell profiling and tacrolimus exposure,1,6,5,Table 1; Figure 1,https://www.ncbi.nlm.nih.gov/pmc/articles/PMC12992057/
PMC12992027,10.3389/fimmu.2026.1755723,INPP5D/SHIP1-mediated immunometabolic remodeling of renal monocytes in idiopathic membranous nephropathy,1,6,1,"Figure 2B, Table 1",https://www.ncbi.nlm.nih.gov/pmc/articles/PMC12992027/
PMC12992303,10.3389/fimmu.2026.1745549,Effectiveness of Streptococcus salivarius probiotics on alleviating radiation-induced oral mucositis via inflammatory and microecological modulation: a prospective pragmatic interventional study in nasopharyngeal carcinoma,1,5,7,Figure 1; Table 1,https://www.ncbi.nlm.nih.gov/pmc/articles/PMC12992303/
PMC12992226,10.3389/fmed.2026.1712221,Comparative machine learning to predict acute kidney injury in traumatic brain injury: a MIMIC-IV cohort with SHAP interpretation,3,5,1,Figure 1). The raw data are provided in Supplementary Table 1,https://www.ncbi.nlm.nih.gov/pmc/articles/PMC12992226/
PMC12989446,10.3389/ti.2026.15718,CNI Trough Variability Does Not Reliably Reflect Medication Adherence: Insights From a 3-Year Follow-Up Study,3,3,1,Table 3).FIGURE 2,https://www.ncbi.nlm.nih.gov/pmc/articles/PMC12989446/
PMC12989391,10.3389/fendo.2026.1782071,The predictive value of surrogate insulin resistance indices for T2DM complicated with metabolic syndrome: a retrospective study based on hospitalized patients in China,4,3,1,Table 4; Figure 1,https://www.ncbi.nlm.nih.gov/pmc/articles/PMC12989391/
PMC12989517,10.3389/fdgth.2026.1774844,The impact of algorithm-driven exposure to disease-related short videos on rehabilitation outcomes in lumbar disc herniation patients: content heterogeneity and psychological mediating mechanisms,5,5,2,Table 2).Figure 3,https://www.ncbi.nlm.nih.gov/pmc/articles/PMC12989517/
PMC12990265,10.1080/21642850.2026.2644658,Unpacking willpower in unassisted smoking cessation: a qualitative analysis reveals a systematic profile of situational and cognitive strategies,3,3,1,"Table 3, Figure 3",https://www.ncbi.nlm.nih.gov/pmc/articles/PMC12990265/
PMC12989589,10.3389/fmicb.2026.1770791,Genetic and phenotypic characterization of the plasmid-encoded NDM-80 metallo-β-lactamase in Escherichia coli isolated from a pediatric patient,3,3,1,Figure 3 and Table 3,https://www.ncbi.nlm.nih.gov/pmc/articles/PMC12989589/
PMC12989612,10.3389/fphar.2026.1782658,Finerenone is associated with pronounced uric acid reduction in hyperuricemic diabetic kidney disease: a real-world analysis,5,4,2,Table 2.FIGURE 1,https://www.ncbi.nlm.nih.gov/pmc/articles/PMC12989612/
PMC12989371,10.3389/fcvm.2025.1664865,Temporal relationship between inflammation and metabolic disorders and its influence on atherosclerotic cardiovascular disease,5,6,1,Table 1).Figure 2,https://www.ncbi.nlm.nih.gov/pmc/articles/PMC12989371/
PMC12989609,10.3389/fpsyg.2026.1773431,The relationship between physical activity and mental health in middle-aged and older Chinese adults: a moderated mediation and cross-lagged model,7,5,1,"Table 1, and sample selection process is shown in Figure 2",https://www.ncbi.nlm.nih.gov/pmc/articles/PMC12989609/
PMC12989564,10.3389/fmed.2026.1728192,Effects of early vs. late administration of labetalol on maternal cerebral perfusion and fetal growth in severe pre-eclampsia,5,12,3,Figure 2.Table 1,https://www.ncbi.nlm.nih.gov/pmc/articles/PMC12989564/
PMC12989588,10.3389/fpubh.2026.1713379,Cognitive appraisal processes and health: from bench to bedside,2,3,1,Table 1 provides a listing of the excluded papers and reasons for exclusion.Figure 2,https://www.ncbi.nlm.nih.gov/pmc/articles/PMC12989588/
PMC12989214,10.3389/fgene.2026.1754817,A systematic exploration of gut microbiota–driven blood metabolites in sepsis: an integrated bioinformatics and genetic association study,4,13,2,Figure 4; Table 2,https://www.ncbi.nlm.nih.gov/pmc/articles/PMC12989214/
PMC12982041,10.3389/fendo.2026.1758118,Association between PFAS compounds in follicular fluid and POR and the intervention effect of Qizi Yusi Tang: a study based on targeted PFAS quantification analysis,7,7,1,Table 6 and Figure 1,https://www.ncbi.nlm.nih.gov/pmc/articles/PMC12982041/
PMC12982106,10.3389/fendo.2026.1739552,Surgical management of retrosternal thyroid disease: a decennial retrospective analysis,7,6,1,Table 2 presents the surgical approaches employed during the study period. Figure 1,https://www.ncbi.nlm.nih.gov/pmc/articles/PMC12982106/
PMC12982015,10.3389/fendo.2026.1771524,Serum osteopontin is associated with coronary plaque vulnerability and short-term cardiovascular events: a prospective cohort study,6,2,2,Figure 2).Table 2,https://www.ncbi.nlm.nih.gov/pmc/articles/PMC12982015/
PMC12983332,10.3389/fmed.2026.1764025,Machine learning-based prediction of PASI100 response to secukinumab in patients with psoriasis: a real-world study with SHAP interpretability analysis,2,5,1,Table 2; Figure 3,https://www.ncbi.nlm.nih.gov/pmc/articles/PMC12983332/
PMC12982360,10.3389/fmed.2026.1733339,Growth Differentiation Factor 15 (GDF-15) as a modulator of hepatic steatosis and fibrosis: insights from a 6-year retrospective cohort study,4,2,2,"Table 3, Figure 1",https://www.ncbi.nlm.nih.gov/pmc/articles/PMC12982360/
PMC12982035,10.3389/fimmu.2026.1770042,The capability of deep-radiomics to predict pathological response to neoadjuvant immunochemotherapy in non–small cell lung cancer: a retrospective multicenter study,3,6,2,"Table 3. Furthermore, decision curve analysis are presented in Figure 3",https://www.ncbi.nlm.nih.gov/pmc/articles/PMC12982035/
PMC12982100,10.3389/fimmu.2026.1747643,Dysbiosis of intestinal microbiota in patients with neuromyelitis optica spectrum disorders,3,9,1,"Table 3), as shown in a heatmap (Figure 8",https://www.ncbi.nlm.nih.gov/pmc/articles/PMC12982100/
PMC12982033,10.3389/fimmu.2026.1768004,Immunomodulation in healing: neoadjuvant immunochemotherapy reduces major wound complications and accelerates recovery in oral cancer surgery,5,2,1,Table 3).Figure 2,https://www.ncbi.nlm.nih.gov/pmc/articles/PMC12982033/
PMC12986766,10.1093/jamiaopen/ooag030,Synergy of diagnosis coding between administrative claims and electronic health records of large patient populations across multiple healthcare organizations,4,2,1,"Figure 1), health organizations (Figure 2), and several years (Table 2",https://www.ncbi.nlm.nih.gov/pmc/articles/PMC12986766/
PMC12982019,10.3389/fonc.2026.1690349,"Global, regional and national burden of colon and rectum cancer attributable to high fasting plasma glucose: a systematic analysis for the Global Burden of Disease Study 2021",2,8,6,Figure 1).Table 1,https://www.ncbi.nlm.nih.gov/pmc/articles/PMC12982019/
PMC12982186,10.3389/fcvm.2026.1669037,Predicting major adverse cardiovascular events in diabetic and non-diabetic patients with coronary artery disease: visual models integrating multi-parametric coronary computed tomography angiography and pericoronary adipose tissue radiomics,2,5,2,Table 1).Figure 2,https://www.ncbi.nlm.nih.gov/pmc/articles/PMC12982186/
PMC13006128,10.7759/cureus.103918,Pus-Forming Infections in an Advanced Care Hospital in Morocco: Enterobacterales Dominance With High Burden of Extended-Spectrum β-Lactamase Producers and Carbapenem Resistance,12,2,1,"Figure 2Distribution of clinical specimens by hospital departmentENT: Ear, nose, throat.Table 3",https://www.ncbi.nlm.nih.gov/pmc/articles/PMC13006128/
PMC13006023,10.2147/RRU.S591097,"Psychometric Validation of the QLQ-NMIBC24 in Low Grade, Intermediate Risk Non-Muscle Invasive Bladder Cancer",5,2,3,Figure 1 and Supplementary Table 1,https://www.ncbi.nlm.nih.gov/pmc/articles/PMC13006023/
PMC13006020,10.2147/NDT.S589644,Psychiatric Comorbidity in Chronic Tinnitus: Depression and Anxiety in an Otolaryngology Outpatient Cohort,4,2,1,Figure 2.Table 4,https://www.ncbi.nlm.nih.gov/pmc/articles/PMC13006020/
PMC13005986,10.2147/CMAR.S580857,Circulating Tumor Cell PD-L1 and Peripheral Blood CD8+ T-Cell PD-1 as Dual Liquid Biopsy Biomarkers for Immunotherapy Outcomes in Advanced Non–Small Cell Lung Cancer: A Retrospective Study,4,5,2,Figure 4A).Table 2,https://www.ncbi.nlm.nih.gov/pmc/articles/PMC13005986/
PMC13005058,10.2196/83622,Leveraging Naturalistic Driving Digital Biomarkers for Early Mild Cognitive Impairment Detection: Deep Learning Strategies,9,7,1,"Table 5 summarizes the details of the experiments, while Figure 6",https://www.ncbi.nlm.nih.gov/pmc/articles/PMC13005058/
PMC13004873,10.1038/s41598-026-39246-4,The inner-shell ionization and fragmentation of selenophene at 120 eV,4,5,1,Figure 2 and Table 1,https://www.ncbi.nlm.nih.gov/pmc/articles/PMC13004873/
PMC13005715,10.1002/elps.70074,Enantioselective Determination of Amphetamine-Type Stimulants in Environmental Waters Using SPE and CE–MS/MS,3,4,1,Figure 2 shows the electropherogram obtained with the optimized conditions.TABLE 1,https://www.ncbi.nlm.nih.gov/pmc/articles/PMC13005715/
PMC13005261,10.2147/NDT.S568398,Association Between Glymphatic Dysfunction and Anxiety in Parkinson’s Disease: Insights from DTI-ALPS and Choroid Plexus Volume,4,5,2,"Table 3, Supplementary Table S2 and Figure 2",https://www.ncbi.nlm.nih.gov/pmc/articles/PMC13005261/
PMC13005211,10.2147/JEP.S566863,"Nutritional and Phytochemical Compositions of Peperomia pellucida (L). Kunth from Bogor, West Java, Indonesia, and Its Hypoglycemic Effects in Normoglycemic Sprague-Dawley Rats Subjected to an Acute Glucose Load",7,4,1,Table 1). The chromatograms of the metabolites are shown in Figure 4,https://www.ncbi.nlm.nih.gov/pmc/articles/PMC13005211/
PMC13005205,10.2147/JIR.S546272,The Therapeutic Potential of Targeting TL1A in a Spectrum of Inflammatory Disorders,4,3,1,"Figure 1, and the structural pleiotropy of the TL1A/DR3/DcR3 system is summarized in Table 1",https://www.ncbi.nlm.nih.gov/pmc/articles/PMC13005205/
PMC13005212,10.2147/DDDT.S556850,Ursodeoxycholic Acid Alleviates DSS/AOM-Induced Colorectal Cancer in Mice by Inhibiting PI3K/Akt/mTOR Signaling Pathway,3,8,1,Table 2 As shown in Figure 1,https://www.ncbi.nlm.nih.gov/pmc/articles/PMC13005212/
PMC13003448,10.1002/sim.70393,Analysis of Stepped-Wedge Cluster Randomized Trials: A Tutorial Using Marginal Models,7,13,1,"Table 2, with details of the specification by cluster-period shown in (Figure 5",https://www.ncbi.nlm.nih.gov/pmc/articles/PMC13003448/
PMC13003300,10.1002/smll.202512734,Ultrathin Freestanding MoSiN Nanocomposite Membranes as Efficient High-Temperature Mid-Infrared Thermal Emitters,2,13,1,"Figure 6c,d is found to be as low as 0.0006°C-1. Table 2",https://www.ncbi.nlm.nih.gov/pmc/articles/PMC13003300/
PMC13003283,10.1002/smll.202512836,Unlocking Klockmannite: Formation of Colloidal Quasi-2D CuSe Nanocrystals and Photo-Physical Properties Arising From Crystal Anisotropy,1,6,1,"Table 1, and the corresponding DASs for NSs and NPLs are shown in Figure 5",https://www.ncbi.nlm.nih.gov/pmc/articles/PMC13003283/
PMC13003299,10.1002/smll.202512846,Multifunctional Superwetting Sea-Urchin-Mimetic Nanosheet-Based Interface for Remote Oil-Water Separation,2,6,1,Table 1. As displayed in Figure 6,https://www.ncbi.nlm.nih.gov/pmc/articles/PMC13003299/
PMC13003956,10.2147/OPTH.S572712,Intraoperative Degree Misalignment in Toric Intraocular Lens Implantation When Using Conventional Compared to Digital Marking,3,1,1,Figure 1.Table 2,https://www.ncbi.nlm.nih.gov/pmc/articles/PMC13003956/
PMC13004545,10.7759/cureus.103853,Steroid-Resistant Immune Thrombocytopenia With Severe Bleeding Successfully Managed Using Eltrombopag and Mycophenolate in a 67-Year-Old Male,2,2,1,Figure 1). Baseline laboratory parameters are summarized in Table 1,https://www.ncbi.nlm.nih.gov/pmc/articles/PMC13004545/
PMC13002393,10.3389/fcvm.2026.1691607,Left ventricular myocardial work in pregnant women with autoimmune diseases,8,5,2,Table 4 and Figure 4,https://www.ncbi.nlm.nih.gov/pmc/articles/PMC13002393/
PMC13003832,10.3389/fpubh.2026.1771997,Prevalence and influencing factors of malnutrition in maintenance hemodialysis patients in China: a systematic review,5,4,1,Figure 1 and Table 1,https://www.ncbi.nlm.nih.gov/pmc/articles/PMC13003832/
PMC13003819,10.2147/NDT.S561526,Establishment and Validation of Machine Learning Model for Predicting Suicide Risk in Patients with Major Depressive Disorder,3,11,2,"Table 2), with these fluctuations visually represented in the performance heatmap (Figure 3",https://www.ncbi.nlm.nih.gov/pmc/articles/PMC13003819/
PMC13002566,10.3389/fpsyg.2026.1789877,Heterogeneity in dual-career stress: an integrative person-centered and distribution-sensitive analysis of its asymmetric effects on adolescent football players,5,3,1,Table 2) as the optimal solution. As shown in Figure 1,https://www.ncbi.nlm.nih.gov/pmc/articles/PMC13002566/
PMC13002569,10.3389/fmicb.2026.1747324,Aspergillus oryzae solid-state fermentation enriches protopanaxatriol-type ginsenosides in Panax ginseng and confers cytoprotective effects in vitro,4,4,1,"Table 4, respectively.FIGURE 1",https://www.ncbi.nlm.nih.gov/pmc/articles/PMC13002569/
PMC13003940,10.1109/access.2026.3662260,Multidimensional Comparisons Between Constrained ICA/IVA Algorithms for Multi-Subject fMRI Data Analysis,4,10,2,Figure 7(c) (Table 3,https://www.ncbi.nlm.nih.gov/pmc/articles/PMC13003940/
PMC13002357,10.3389/fmed.2026.1682878,Few-shot annotation correction for lightweight retinal vessel image segmentation,9,8,2,Figure 5.Table 2,https://www.ncbi.nlm.nih.gov/pmc/articles/PMC13002357/
PMC13000886,10.1002/sim.70492,Covariate Adjustment in Basket Trials Borrowing Information Across Subgroups,10,12,3,Figure 1 and Table 4,https://www.ncbi.nlm.nih.gov/pmc/articles/PMC13000886/
PMC13002149,10.1097/GOX.0000000000007569,Postoperative Imaging Characteristics of Targeted Muscle Reinnervation and Regenerative Peripheral Nerve Interfaces,3,1,1,"Figure 1, and a thematic analysis is presented in Table 3",https://www.ncbi.nlm.nih.gov/pmc/articles/PMC13002149/
PMC12999583,10.3389/fped.2026.1758538,Maxillary mesenchymal chondrosarcoma harboring HEY1::NCOA2 fusion in a 13-year-old girl: a rare case report and literature review,1,6,2,Figure 2c; Table 1,https://www.ncbi.nlm.nih.gov/pmc/articles/PMC12999583/
PMC12999807,10.3389/fonc.2026.1792373,Predictive value of the systemic immune-inflammation index combined with the prognostic nutritional index for postoperative recurrence in early-stage cervical cancer: evidence from a multicenter cohort study,4,5,1,Table 1). Kaplan-Meier survival curves stratified by SII levels are shown in Figure 5,https://www.ncbi.nlm.nih.gov/pmc/articles/PMC12999807/
PMC12999860,10.3389/fped.2026.1743610,"Clinical, laboratory, and histopathological characteristics of pediatric lupus nephritis: a retrospective study in a national referral center in Mexico",3,1,1,"Figure 1 and Supplementary Figure 1, Table 2",https://www.ncbi.nlm.nih.gov/pmc/articles/PMC12999860/
PMC13000765,10.3389/fnume.2026.1739575,Improved random coincidence estimation including triple coincidence detection in PET,3,13,1,Table 2. Figure 12,https://www.ncbi.nlm.nih.gov/pmc/articles/PMC13000765/
PMC12999439,10.3389/fnut.2026.1763190,Combined analysis of the triglyceride–glucose index and melanin-concentrating hormone in metabolic dysfunction–associated fatty liver disease: a machine learning–based study,5,5,2,Table 5 and Supplementary Figure 3,https://www.ncbi.nlm.nih.gov/pmc/articles/PMC12999439/
PMC13000755,10.2147/DDDT.S537699,Simultaneous Determination of Venetoclax and Posaconazole in Human Plasma by UPLC-MS/MS: Application to Therapeutic Drug Monitoring in Acute Myeloid Leukemia Patients,7,3,1,Table 2. Figure 1,https://www.ncbi.nlm.nih.gov/pmc/articles/PMC13000755/
PMC12999429,10.3389/fmed.2026.1713592,Association between fundus tessellated density and subfoveal choroidal thickness in children with different refractive statuses,3,4,1,Figure 2.Table 2,https://www.ncbi.nlm.nih.gov/pmc/articles/PMC12999429/
PMC12999883,10.3389/fpsyg.2026.1696610,Deep learning-based classification of student GPA integrating psychological and family factors in the post-pandemic era,4,6,2,Table 3 and Figure 3,https://www.ncbi.nlm.nih.gov/pmc/articles/PMC12999883/
PMC12997774,10.2147/CMAR.S559229,Neoadjuvant Chemoimmunotherapy for the Treatment of Locally Advanced Nasopharyngeal Carcinoma in Non-Endemic Regions: A Single-Arm Phase 2 Clinical Trial,2,4,1,Figure 1). Detailed demographics and clinical characteristics are summarized in Table 1,https://www.ncbi.nlm.nih.gov/pmc/articles/PMC12997774/
PMC12995655,10.3389/fphys.2026.1799253,Responder signatures and predictors of upper- and lower-limb power responsiveness to maximal strength versus plyometric dry-land training in swimmers,7,5,3,Table 2.FIGURE 1,https://www.ncbi.nlm.nih.gov/pmc/articles/PMC12995655/
PMC12996077,10.3389/fped.2026.1735063,Nomogram to predict severe Mycoplasma pneumoniae pneumonia in children,3,6,1,Table 3.Figure 2,https://www.ncbi.nlm.nih.gov/pmc/articles/PMC12996077/
PMC13005975,10.2147/DDDT.S538649,"Safety, Tolerability, and Pharmacokinetics of HBM9378 (SKB378/WIN378), a Fully Human IgG1 Monoclonal Antibody Against TSLP After Single Ascending Doses in Chinese Healthy Subjects",7,3,1,"Table 5, and PK profiles are presented in Figure 2",https://www.ncbi.nlm.nih.gov/pmc/articles/PMC13005975/
PMC12998489,10.7759/cureus.103714,"Localized Pulmonary Amyloidosis Associated With Sjögren’s Syndrome, Coexisting Lymphoid Interstitial Pneumonia, and a Severe Double Aortic Lesion: A Case Report and Literature Review",1,2,5,Figure 1; Table 1,https://www.ncbi.nlm.nih.gov/pmc/articles/PMC12998489/
PMC12996084,10.3389/fbinf.2026.1768786,ZR2ViM: a recursive vision Mamba model for boundary-preserving medical image segmentation,10,8,1,Figure 8 and detailed in Table 5,https://www.ncbi.nlm.nih.gov/pmc/articles/PMC12996084/
PMC12998570,10.2147/IDR.S563892,Clinical Features of 186 Cases of Chlamydia psittaci Pneumonia: A Multicenter Study,5,5,2,Table 4 and Figure 4,https://www.ncbi.nlm.nih.gov/pmc/articles/PMC12998570/
PMC12998193,10.1002/bmc.70423,Analytical Quality by Design-Guided Optimisation and Validation of a Short-Run Stability-Indicating Reverse-Phase Ultra-Fast Liquid Chromatography (RP-UFLC) Method for the Quantitation of Nonivamide,2,9,1,"Table 2, with corresponding chromatograms presented in Figure 9",https://www.ncbi.nlm.nih.gov/pmc/articles/PMC12998193/
PMC12995844,10.1111/dom.70455,Elevated triglyceride-glucose index is associated with increased risk of chronic kidney disease and end-stage renal disease in type 1 diabetes: Nationwide cohort study,4,3,2,Figure 2). In the fully adjusted model (Model 3 in Table 2,https://www.ncbi.nlm.nih.gov/pmc/articles/PMC12995844/
PMC12997320,10.1182/bloodadvances.2025016338,"Clinical characteristics, management, and hematopoietic cell transplantation of patients with TLR8 gain-of-function",2,3,1,Table 1; Figure 1,https://www.ncbi.nlm.nih.gov/pmc/articles/PMC12997320/
PMC13006034,10.1002/ppul.71578,Beyond the Pulmonary Functions: Altered Cognitive–Motor Performance and Motor Imagery in Children With Bronchiectasis,2,2,2,Figure 1).The demographic and clinical characteristics of the children are shown in Table 1,https://www.ncbi.nlm.nih.gov/pmc/articles/PMC13006034/
PMC13005829,10.1007/s11356-026-37504-6,"S, N, P, and B-doped bio-carbons as dual catalysts for tetracycline degradation via the heterogeneous electro-Fenton process",4,10,1,Figure 2A and Table 1,https://www.ncbi.nlm.nih.gov/pmc/articles/PMC13005829/
PMC13005890,10.1177/13623613261417933,Describing the communication of autistic people during experiences of distress: A scoping review,3,2,1,Figure 2 provides a visual representation of the information shared in Table 3,https://www.ncbi.nlm.nih.gov/pmc/articles/PMC13005890/
PMC12893331,10.1177/13623613261416672,The relationship between age of autism diagnosis and life satisfaction in adulthood,3,1,2,Table 1 and Figure 1,https://www.ncbi.nlm.nih.gov/pmc/articles/PMC12893331/
PMC13005945,10.1093/gpbjnl/qzaf096,Distinct Co-methylation Patterns in African and European Populations and Their Genetic Associations,2,5,2,Figure 2A and B; Table 1,https://www.ncbi.nlm.nih.gov/pmc/articles/PMC13005945/
PMC13006100,10.7759/cureus.103930,Analysis of Laparoscopic and Transvaginal Ovarian Drilling on Polycystic Ovarian Syndrome: A Narrative Review of Outcomes,3,1,1,Figure 1. Table 3,https://www.ncbi.nlm.nih.gov/pmc/articles/PMC13006100/
PMC13063086,10.1001/jamanetworkopen.2026.4872,Multimodal Assessment of Biological Age Following Radiation Therapy Among Patients With Early-Stage NSCLC,3,2,1,Figure 2A (P = .003).Table 2,https://www.ncbi.nlm.nih.gov/pmc/articles/PMC13063086/
PMC13065273,10.1177/10760296261442050,Application of Novel Thrombosis Scale in Fracture Related Lower Extremity Deep Venous Thrombosis,10,5,5,Table 2).Figure 2,https://www.ncbi.nlm.nih.gov/pmc/articles/PMC13065273/
PMC13065293,10.1177/00368504261442730,Vascular clips for primary closure in classic carotid endarterectomy: A 5-year exploratory retrospective cohort study,5,3,1,Figure 2.Table 2,https://www.ncbi.nlm.nih.gov/pmc/articles/PMC13065293/
PMC13062607,10.1002/mas.21882,Protein glycosylation in lung cancer from a mass spectrometry perspective,1,2,2,Figure 1.Table 1,https://www.ncbi.nlm.nih.gov/pmc/articles/PMC13062607/
PMC13062334,10.3389/fpubh.2026.1771040,Short-term effects of craniosacral therapy and rhythmic movement training on developmental assessment scores and primitive reflex expression in typically developing children: a randomized controlled trial,2,5,1,Table 2).Figure 1,https://www.ncbi.nlm.nih.gov/pmc/articles/PMC13062334/
PMC13062816,10.21037/tau-2025-1-908,Global research landscape and technological breakthroughs in post-prostatectomy urinary incontinence management: a bibliometric review and visualized study,4,11,3,Figure 4).Table 2,https://www.ncbi.nlm.nih.gov/pmc/articles/PMC13062816/
PMC13062550,10.1016/j.isci.2026.115391,Multicentre development and two-stage validation of a patient-reported outcome measure for chronic obstructive pulmonary disease,9,5,1,Table 2 and Figure 2,https://www.ncbi.nlm.nih.gov/pmc/articles/PMC13062550/
PMC13063029,10.21037/jss-25-180,"Sacral chordomas: surgical management, reconstruction, and translational advances: a systematic review",4,5,2,"Figure 2, Table 2",https://www.ncbi.nlm.nih.gov/pmc/articles/PMC13063029/
PMC13060020,10.1155/jobe/6761414,Patterns of Dietary Supplement Use for Weight Loss Among U.S. Adults With Obesity: NHANES 2007–2020,4,4,1,Figure 2). Cycle-specific estimates are presented in Table 2,https://www.ncbi.nlm.nih.gov/pmc/articles/PMC13060020/
PMC13058817,10.1155/mi/5407966,Pan-Immune-Inflammation Value: Related to Perforation Diameter and Pulmonary Artery Pressure in Ventricular Septal Rupture Patients,3,6,1,Table 2.Figure 2,https://www.ncbi.nlm.nih.gov/pmc/articles/PMC13058817/
PMC13058174,10.1002/ptr.70239,Bridging Psychological Stress and Skin Cellular Aging: Flavonoids as a Dual-Action Therapeutic Strategy,3,3,1,Figure 3 and Table 2,https://www.ncbi.nlm.nih.gov/pmc/articles/PMC13058174/
PMC13057294,10.3389/fimmu.2026.1794130,Multidimensional tumor heterogeneity and its role in therapeutic resistance,4,5,1,Table 1 and Figure 1,https://www.ncbi.nlm.nih.gov/pmc/articles/PMC13057294/
PMC13059935,10.1016/j.xjon.2025.11.007,Clinical outcomes and follow-up after thymectomy in patients with myasthenia gravis: A Colombian cohort study,4,5,1,Table 1 and visually represented in Figure 1,https://www.ncbi.nlm.nih.gov/pmc/articles/PMC13059935/
PMC13060646,10.1002/dad2.70328,A prospective real-world study of the efficacy and safety of aducanumab in China: Focus on early-onset and autosomal dominant Alzheimer's disease,4,2,1,Table 3). The changes of amyloid levels in each participant were shown in Figure 2,https://www.ncbi.nlm.nih.gov/pmc/articles/PMC13060646/
PMC13053321,10.3389/fendo.2026.1679338,Sex hormones and functional gastrointestinal disorders in menopausal women,5,10,5,Figure 1 and Table 1,https://www.ncbi.nlm.nih.gov/pmc/articles/PMC13053321/
PMC13053689,10.1016/j.jtumed.2026.03.007,Efficacy of metformin as an adjunct in periodontitis: A systematic analysis,7,5,4,Figure 1). The excluded studies are described in Table 1,https://www.ncbi.nlm.nih.gov/pmc/articles/PMC13053689/
PMC13053482,10.3389/fimmu.2026.1728521,Efficacy and safety of antibody-drug conjugate based therapy in locally advanced or metastatic urothelial carcinoma: a systematic review and network meta-analysis of emerging clinical evidence,2,4,8,"Figure 1, Supplementary Table 2",https://www.ncbi.nlm.nih.gov/pmc/articles/PMC13053482/
PMC13053319,10.3389/fonc.2026.1771234,Tyrosine kinase inhibitors and survival in advanced or metastatic gastric cancer: a systematic review and meta-analysis,4,9,1,Figure 3B.Table 3,https://www.ncbi.nlm.nih.gov/pmc/articles/PMC13053319/
PMC13053240,10.3389/fonc.2026.1749557,Characteristics and influencing factors of sleep disturbance in breast cancer patients: a cross-sectional study,3,5,2,Figure 2. Basic information of the enrolled participants are summarized in Table 1,https://www.ncbi.nlm.nih.gov/pmc/articles/PMC13053240/
PMC13055576,10.1002/sim.70527,"Flexible Modeling of Time-Dependent Covariate Effects in Survival Models With Correlated Competing Risks: Application to the Evaluation of Risk-Reducing Salpingo-Oophorectomy in Women With 
BRCA1
 Pathogenic Variants",6,3,1,Table 5.FIGURE 2,https://www.ncbi.nlm.nih.gov/pmc/articles/PMC13055576/
PMC13054830,10.1002/vms3.70947,Computed Tomography Findings of Pulmonary Lymphoma in a Dog and Two Cats,1,1,1,Figure 1. CT findings and clinical information of the three cases are summarized in Table 1,https://www.ncbi.nlm.nih.gov/pmc/articles/PMC13054830/
PMC13054524,10.1111/1759-7714.70270,Optimizing Surgery Strategies in Stage IB Lung Squamous Cell Carcinoma: Insights from Interpretable Machine Learning,4,10,2,"Table 2, Figure 2",https://www.ncbi.nlm.nih.gov/pmc/articles/PMC13054524/
PMC13053942,10.1155/bmri/5726771,Deep Learning Approaches for Multiple Sclerosis Detection in MRI Images,6,11,1,"Figure 9ROC curves for different models.In addition to the ROC curves, Table 3",https://www.ncbi.nlm.nih.gov/pmc/articles/PMC13053942/
PMC13053301,10.1002/brb3.71354,A Diagnosis Model of Typhoon-Related Post-Traumatic Stress Disorder Based on Fixel-Based Analysis in Machine Learning,3,5,2,Table 3 and illustrated in Figure 1,https://www.ncbi.nlm.nih.gov/pmc/articles/PMC13053301/
PMC13054219,10.2196/86171,Explainable Machine Learning for Assessing Digital Health Literacy in Older Adults: Validation and Development of a Two-Stage Model Integrating Performance-Based and Self-Assessed Indicators,4,4,1,"Table 4, and the corresponding ROC curves are shown in Figure 3",https://www.ncbi.nlm.nih.gov/pmc/articles/PMC13054219/
PMC13055837,10.1161/JAHA.125.048249,Cross-Platform Proteomics and Machine Learning Algorithms Nominate Plasma Biomarkers of Stroke Diagnosis,4,6,2,Table 1. The study flow diagram is shown in Figure 2,https://www.ncbi.nlm.nih.gov/pmc/articles/PMC13055837/
PMC13056452,10.3348/kjr.2025.1126,Ultrasound Imaging Features Associated With Neoplastic Gallbladder Polyps: A Systematic Review and Meta-Analysis,2,2,2,Figure 1. The characteristics of the included studies are summarized in Table 1,https://www.ncbi.nlm.nih.gov/pmc/articles/PMC13056452/
PMC13055732,10.1161/JAHA.125.046403,Age- and Sex-Specific Distribution and Reference Values of Coronary Artery Calcium in a Large Asymptomatic Japanese Cohort,2,3,1,Figure 2 and summarized numerically in Table 2,https://www.ncbi.nlm.nih.gov/pmc/articles/PMC13055732/
PMC13055702,10.1161/JAHA.125.044501,Integrating ECG Into the Mayo Score Enhances Genotype Prediction in Hypertrophic Cardiomyopathy,3,7,1,Table 2).Figure 4,https://www.ncbi.nlm.nih.gov/pmc/articles/PMC13055702/
PMC13055831,10.1161/JAHA.125.045954,Mapping of Early Exercise-Based Interventions for Patients Recovering From Acute Heart Failure: A Scoping Review,3,3,2,"Table 2), were excluded from Figure 3",https://www.ncbi.nlm.nih.gov/pmc/articles/PMC13055831/
PMC13055485,10.1161/JAHA.125.045018,Two Faces of Mitral Stenosis: Uncovering Structural and Hemodynamic Signatures of Rheumatic and Mitral Annular Calcification–Induced Disease,4,10,1,Figure 6).Table 2,https://www.ncbi.nlm.nih.gov/pmc/articles/PMC13055485/
PMC13055430,10.1002/hed.70133,Chloride Intracellular Channel 2 Can Function as a Malignant Factor in Head and Neck Squamous Cell Carcinoma,1,7,3,TABLE 1Summary of clinical observations for immunohistochemical analyses in Figure 7,https://www.ncbi.nlm.nih.gov/pmc/articles/PMC13055430/
PMC13053613,10.1002/jum.70145,Sonographic Predictors and Long-Term Reproductive Outcomes in Recurrent Cesarean Scar Pregnancy,3,3,1,Table 3.Figure 3,https://www.ncbi.nlm.nih.gov/pmc/articles/PMC13053613/
PMC13055500,10.1002/jbm.a.37982,In Vitro Characterization of Biodegradable Polyurethane Foams With Facile Gelatin Modification for Traumatic Wound Hemostasis and Regeneration,2,8,2,"Figure 1C,D and quantified in Table 2",https://www.ncbi.nlm.nih.gov/pmc/articles/PMC13055500/
PMC13056017,10.1111/dmcn.16461,Expressive language and social communication abilities in children with spinal muscular atrophy type 1,2,2,1,Table 2.FIGURE 2,https://www.ncbi.nlm.nih.gov/pmc/articles/PMC13056017/
PMC13050658,10.3389/fmed.2026.1777267,Toric Versus non-toric intraocular lenses for pre-existing corneal astigmatism: a systematic review and meta-analysis,1,8,1,Figure 1). The characteristics of the included studies are summarized in Table 1,https://www.ncbi.nlm.nih.gov/pmc/articles/PMC13050658/
PMC13052122,10.1002/dad2.70321,Incremental value of plasma biomarkers in predicting clinical decline among cognitively unimpaired older adults: Results from the A4 trial,3,3,1,Figure 2. The corresponding pairwise model comparison is summarized in Table 3,https://www.ncbi.nlm.nih.gov/pmc/articles/PMC13052122/
PMC13051232,10.1177/17562848261436121,Efficacy and safety of non-invasive transcutaneous nerve stimulation in patients with irritable bowel syndrome: a systematic review and meta-analysis,2,7,1,Table 1.Figure 2,https://www.ncbi.nlm.nih.gov/pmc/articles/PMC13051232/
PMC13050687,10.3389/fonc.2026.1790444,Safety and efficacy of CAR T-cell therapy in central nervous system lymphoma: a systematic review and meta-analysis,4,4,2,Table 4. CRS rates stratified by CAR-T product are shown in Supplementary Figure 5,https://www.ncbi.nlm.nih.gov/pmc/articles/PMC13050687/
PMC13051797,10.1155/crid/7025093,A Case Series on the Combined Use of Zinc L-Carnosine and Nd:YAG Photobiomodulation for Radiation-Induced Oral Mucositis: Pain Reduction and Lesion Improvement,4,14,1,Figure 8VAS scores (a) and NRS scores (b) over time in three cases.(a)(b)Table 3,https://www.ncbi.nlm.nih.gov/pmc/articles/PMC13051797/
PMC13050932,10.3389/fpubh.2026.1782324,"Molecular detection and antibiotic resistance profile of Escherichia coli and closely related Enterobacteriaceae from cattle carcasses and meat contact surfaces at slaughterhouses in Abuja, Nigeria",8,3,1,Table 3).Figure 3,https://www.ncbi.nlm.nih.gov/pmc/articles/PMC13050932/
PMC13052295,10.1111/srt.70345,Comparative Efficacy and Safety of Fractional CO2 Laser and Gold Microneedling Radiofrequency for Atrophic Acne Scars: A Systematic Review,6,2,1,"Table 1, Figure 2",https://www.ncbi.nlm.nih.gov/pmc/articles/PMC13052295/
PMC13052615,10.1136/jitc-2025-013837,PD-L1-targeted PET imaging for non-invasive assessment of immunotherapy response in lung cancer,2,7,1,table 2 and figure 2,https://www.ncbi.nlm.nih.gov/pmc/articles/PMC13052615/
PMC13051770,10.2340/1651-226X.2026.44933,Prevalence and risk factors for nausea and vomiting in breast cancer patients undergoing chemotherapy,1,5,1,Figure 1Flowchart of literature retrieval.Table 1,https://www.ncbi.nlm.nih.gov/pmc/articles/PMC13051770/
PMC13052096,10.1002/jcla.70185,Integrated ESR and PLT-H Measurement Using the BC-6800 Plus Hematology Analyzer: A Comprehensive Analytical Evaluation,4,4,1,"Figure 4B, and detailed stratified regression parameters are summarized in Table 1",https://www.ncbi.nlm.nih.gov/pmc/articles/PMC13052096/
PMC13050673,10.1111/ejh.70117,Efficacy and Safety of Prophylaxis With a Plasma-Derived von Willebrand Factor/Factor VIII Concentrate (Wilate) in Patients With Type 3 von Willebrand Disease—A WIL-31 Study Sub-Analysis,2,4,2,Figure 2).TABLE 2,https://www.ncbi.nlm.nih.gov/pmc/articles/PMC13050673/
PMC13051226,10.2176/jns-nmc.2025-0288,Predicting Cerebral Aneurysm Recurrence after Coil Embolization: A Novel Deep Learning Approach Using Time-of-flight Magnetic Resonance Angiography,1,3,1,"Table 1, with the ROC curve presented in Figure 2",https://www.ncbi.nlm.nih.gov/pmc/articles/PMC13051226/
PMC13052153,10.1111/bpa.70051,Alzheimer's disease and mixed pathologies as a hidden contributor to fatal hypothermia: A large-scale forensic autopsy-based study,5,4,2,Figure 1.TABLE 1,https://www.ncbi.nlm.nih.gov/pmc/articles/PMC13052153/
PMC13052262,10.1002/open.202500460,Computational Study on Potentially Active Antibacterial Compounds in Secondary Metabolites of Extremophilic Microorganisms,8,11,1,Table 1. The resulting UV–Vis absorption spectral profiles are presented in Figure 4,https://www.ncbi.nlm.nih.gov/pmc/articles/PMC13052262/
PMC13051842,10.1002/open.202500397,Abietic Acid Enhances the Sedative Activity of Diazepam: In vivo Approach along with Receptor Binding Affinity and Molecular Interaction with the GABAergic System,4,6,3,Table 3. Figure 4,https://www.ncbi.nlm.nih.gov/pmc/articles/PMC13051842/
PMC13049372,10.2147/DDDT.S604539,Efficacy and Safety of Ranibizumab Combined with Dexamethasone Intravitreal Implant Sequential Therapy for Macular Edema Secondary to Non-Ischemic Retinal Vein Occlusion,8,3,1,Table 8 and Figure 3,https://www.ncbi.nlm.nih.gov/pmc/articles/PMC13049372/
PMC13048883,10.7150/ijms.133300,Longitudinal Radiological Remodeling after Irreversible Electroporation Versus Radiofrequency Ablation: A Prospective Comparative Study (The LIRA Study),4,7,2,Figure 3B-3E and Table 2,https://www.ncbi.nlm.nih.gov/pmc/articles/PMC13048883/
PMC13049665,10.1016/j.esmogo.2026.100318,Spatial immune profiling complements genomic sequencing in biliary tract cancer: hypothesis-generating use cases,2,4,2,Figure 1A and B; Table 1,https://www.ncbi.nlm.nih.gov/pmc/articles/PMC13049665/
PMC13049103,10.1002/mp.70419,"Comparing deep learning stroke segmentation in NCCT, CTA, and CTP: Accuracy, domain transfer, and temporal sampling effect",8,7,2,Figure 5. Table 4,https://www.ncbi.nlm.nih.gov/pmc/articles/PMC13049103/
PMC13049272,10.1002/mrm.70276,Assessment of Optimal T1/T2-Weighted Combinations for Myelin Sensitivity: Effects of Echo Time and Exponents,1,6,1,Figure 6 and reported in Table 1,https://www.ncbi.nlm.nih.gov/pmc/articles/PMC13049272/
PMC13049261,10.1111/trf.70102,Pediatric autologous peripheral blood stem cell collection without heparin using a highly concentrated sodium citrate anticoagulant: A retrospective comparison with standard ACD-A,4,4,1,Table 3). As shown in Figure 3,https://www.ncbi.nlm.nih.gov/pmc/articles/PMC13049261/
PMC13048866,10.2147/NSS.S566303,"Acupressure for Sleep, Mental Health, and Quality of Life in Hemodialysis Patients: A Systematic Review and Meta-Analysis",2,5,3,Table 2; Figure 3,https://www.ncbi.nlm.nih.gov/pmc/articles/PMC13048866/
PMC13047914,10.3389/fmed.2026.1546672,Cross-sectional comparison of lower-limb muscle strength and contractile properties according to Parkinson’s disease and sarcopenia status,2,4,1,"Table 1. The overall recruitment, screening, and assessment flow is illustrated in Figure 1",https://www.ncbi.nlm.nih.gov/pmc/articles/PMC13047914/
PMC13047771,10.2147/IJGM.S559679,Factors Associated and Survival Outcomes Among Japanese Patients with Solid Cancer Who Developed Deep Vein Thrombosis (DVT),4,4,2,"Table 4), DOAC-associated patient mortality was then examined. As shown in Figure 3",https://www.ncbi.nlm.nih.gov/pmc/articles/PMC13047771/
PMC13047951,10.1002/mus.70172,Post Activation Potentiation Is Greater in Human Triceps Brachii Versus Triceps Surae Muscles,1,3,1,"Figure 2, whereas the contractile properties of the two muscle groups are summarized in Table 1",https://www.ncbi.nlm.nih.gov/pmc/articles/PMC13047951/
PMC13044089,10.3389/fimmu.2026.1731920,Neoadjuvant and/or adjuvant immune checkpoint inhibitors combined with chemotherapy for locally advanced resectable penile squamous cell carcinoma,4,4,1,Figure 1). The results are summarized in Table 3,https://www.ncbi.nlm.nih.gov/pmc/articles/PMC13044089/
PMC13044584,10.3389/fphar.2026.1708694,"Clinical efficacy of a Chinese herbal gel plaster combined with manipulation for lumbar disc herniation: a prospective, randomized, double-blind, placebo-controlled trial",4,5,1,Figure 1.TABLE 1,https://www.ncbi.nlm.nih.gov/pmc/articles/PMC13044584/
PMC13045409,10.1002/cam4.71777,Immune-Related Adverse Events in Bladder Cancer Patients Treated With Immune Checkpoint Inhibitors: Insights From a FAERS Disproportionality Analysis,3,2,1,Figure 2.TABLE 3,https://www.ncbi.nlm.nih.gov/pmc/articles/PMC13045409/
PMC13045369,10.1002/jcsm.70268,Automated CT-Based Muscle Density Predicts Mortality Regardless of Muscle Area,2,4,1,Table 2).FIGURE 3,https://www.ncbi.nlm.nih.gov/pmc/articles/PMC13045369/
PMC13044572,10.1002/sim.70508,Bayesian Random-Effects Meta-Analysis of Aggregate Data on Clinical Events,10,8,1,"Table 2 shows the details of the selected models, Figure 4",https://www.ncbi.nlm.nih.gov/pmc/articles/PMC13044572/
PMC13044570,10.1002/jbio.70260,Cell-MICS: Detecting Immune Cells With Label-Free Two-Photon Autofluorescence and Deep Learning,4,5,2,"Figure 1a, and all acquisition settings are displayed in Table 1",https://www.ncbi.nlm.nih.gov/pmc/articles/PMC13044570/
PMC13045435,10.1111/jch.70246,The Optimal Dosage of Isometric Handgrip Exercise for Blood Pressure Reduction: Systematic Review and Meta-Analysis,3,6,1,Figure 2.TABLE 1,https://www.ncbi.nlm.nih.gov/pmc/articles/PMC13045435/
PMC13044352,10.1177/00368504261437185,"Association of CVAI, age, and clinic systolic blood pressure with left ventricular hypertrophy in postmenopausal women with primary hypertension: A single-centre retrospective case–control study",7,2,1,"Table 7, Figure 2",https://www.ncbi.nlm.nih.gov/pmc/articles/PMC13044352/
PMC13044818,10.57264/cer-2025-0190,Cost-effectiveness analysis of the use of faricimab in diabetic macular edema in China,8,5,1,Table 9 & Supplementary Figure 1,https://www.ncbi.nlm.nih.gov/pmc/articles/PMC13044818/
PMC13038941,10.3389/fnut.2026.1755943,"Fermented milk protein consumption improves exercise performance and total body mass in prepubertal children: a randomized double-blind, placebo-controlled pilot trial",8,8,2,Table 2).Figure 1,https://www.ncbi.nlm.nih.gov/pmc/articles/PMC13038941/
PMC13039663,10.2147/OPTO.S583712,Attitudes Towards the Use of Silicone Hydrogel Daily Disposable Contact Lenses (Verofilcon A) Among Neophyte Wearers: Results of a Short-Term Evaluation,5,7,1,Figure 7.Table 4,https://www.ncbi.nlm.nih.gov/pmc/articles/PMC13039663/
PMC13038906,10.3389/fimmu.2026.1758316,Risk factors for pulmonary complications in systemic lupus erythematosus: a meta-analysis of infectious pneumonia and interstitial lung disease,7,8,12,"Figure 2, Table 2",https://www.ncbi.nlm.nih.gov/pmc/articles/PMC13038906/
PMC13038973,10.3389/fimmu.2026.1782960,Overcoming multidimensional immunotherapy resistance in PDAC: from microenvironment to clinic,2,3,1,Table 1.Figure 1,https://www.ncbi.nlm.nih.gov/pmc/articles/PMC13038973/
PMC13039001,10.3389/fcimb.2026.1752848,Unilateral biportal endoscopic debridement with antibiotic-loaded cement beads implantation for lumbar spinal infection: a preliminary report on feasibility and early clinical outcomes,3,3,2,Figure 2; Table 2,https://www.ncbi.nlm.nih.gov/pmc/articles/PMC13039001/
PMC13038427,10.3389/fendo.2026.1768816,Cardiorenal risk stratification in high-risk type 2 diabetes using a simple clinical score: findings from the ELIXA trial,3,4,3,Table 1.Figure 1,https://www.ncbi.nlm.nih.gov/pmc/articles/PMC13038427/
PMC13038529,10.3389/fendo.2026.1776419,Interpretable machine learning model based on routine metabolic laboratory indices to identify advanced chronic kidney disease,4,7,2,Figure 2 and detailed in Table 2,https://www.ncbi.nlm.nih.gov/pmc/articles/PMC13038529/
PMC13038567,10.3389/fendo.2026.1779448,Artificial intelligence-driven assessment of sarcopenia in orthopedic geriatrics: technical progress and clinical implications,1,7,1,Table 1 and further illustrated in Figure 4,https://www.ncbi.nlm.nih.gov/pmc/articles/PMC13038567/
PMC13040132,10.1111/ggi.70456,Postprandial Hypotension—Methods for the Evaluation and Management,4,3,1,Table 1) and are shown in Figure 1,https://www.ncbi.nlm.nih.gov/pmc/articles/PMC13040132/
PMC13039570,10.1177/21501319261421463,Early Detection of Developmental Delays in Hospitalized Children Aged 2 to 24 Months,7,3,1,Figure 3.Physical growth status by age group.Developmental Development CharacteristicsTable 2,https://www.ncbi.nlm.nih.gov/pmc/articles/PMC13039570/
PMC13042651,10.1002/pro.70542,SegDesign: A modular framework for controllable protein segment engineering,2,5,3,"Figure 4, with corresponding quantitative details summarized in Table 1",https://www.ncbi.nlm.nih.gov/pmc/articles/PMC13042651/
PMC13040125,10.1002/uog.70187,Radiomics-based ultrasOund Model for differentiating Uterine Sarcomas from leiomyomas (ROMUS): a retrospective pilot Multicenter Italian Trials in Ovarian Cancer (MITO) study,3,5,1,"Table 3, Figure 4",https://www.ncbi.nlm.nih.gov/pmc/articles/PMC13040125/
PMC13042459,10.1002/advs.202519792,Mitophagy and Ubiquitination Coordinate Context-Specific Mitochondrial Quality Control and EMT/MET Plasticity to Drive Cancer Cell Invasion,8,6,2,Figure 6A and compiled in Table 5,https://www.ncbi.nlm.nih.gov/pmc/articles/PMC13042459/
PMC13042870,10.1002/advs.202517048,All-PEG-Like Block Copolymers Self-Assemble into Stealth Nanocarriers for Drug Delivery,2,4,2,"Figure 2, but the physical parameters for other polymers are summarized in Table 1",https://www.ncbi.nlm.nih.gov/pmc/articles/PMC13042870/
PMC13037522,10.2147/JIR.S584283,Bibliometric Analysis of Cow’s Milk Protein Allergy Research in the Past Two Decades,6,12,2,Figure 3The visualization of 43 countries/regions collaborative network.Table 1,https://www.ncbi.nlm.nih.gov/pmc/articles/PMC13037522/
PMC13037741,10.1167/tvst.15.3.32,Clinical and Genetic Characteristics of a Chinese Occult Maculopathy Cohort,3,7,1,Table 2).Figure 1,https://www.ncbi.nlm.nih.gov/pmc/articles/PMC13037741/
PMC13036264,10.1177/13524585261425076,Safety and efficacy of ravulizumab in patients with NMOSD previously treated with rituximab: A post hoc analysis of the CHAMPION-NMOSD trial,5,3,1,Figure 2).Table 5,https://www.ncbi.nlm.nih.gov/pmc/articles/PMC13036264/
PMC13036680,10.1148/rycan.250041,"Pediatric Personalized Deep Learning Models for Segmentation of
Hepatoblastoma at CT and MRI",5,5,1,Table 3.Figure 3,https://www.ncbi.nlm.nih.gov/pmc/articles/PMC13036680/
PMC13064936,10.18632/oncotarget.28851,"Bibliometric mapping of glioma classification research through main path, key route, and K-core analyses",8,6,1,Figure 4Main Path for glioma research network.Source: Elaborated following [62].Table 5,https://www.ncbi.nlm.nih.gov/pmc/articles/PMC13064936/
PMC13062771,10.12688/f1000research.135379.2,Active adults have thicker peripheral muscles and diaphragm: A cross-sectional study,2,3,1,Figure 3).Table 2,https://www.ncbi.nlm.nih.gov/pmc/articles/PMC13062771/
PMC13059037,10.1080/0886022X.2026.2633853,Comparing the associations of eight surrogate markers of insulin resistance with rapid decline in kidney function and the incidence of CKD in Chinese middle-aged and elderly non-diabetic population,6,5,2,Table 4 and Figure 4,https://www.ncbi.nlm.nih.gov/pmc/articles/PMC13059037/
PMC13058452,10.1093/eurheartj/ehaf1082,Exercise blood pressure relative to fitness and cardiovascular outcomes: the EXERTION study,3,4,1,Table 2). An example of this risk discrimination at exercise stage 1 is depicted in Figure 2,https://www.ncbi.nlm.nih.gov/pmc/articles/PMC13058452/
PMC13055618,10.3389/fpubh.2026.1742704,"Mother's perception regarding insufficiency of breast-milk: a qualitative investigation in Haripur, Pakistan",2,1,1,Figure 1.Table 2,https://www.ncbi.nlm.nih.gov/pmc/articles/PMC13055618/
PMC13055556,10.3389/fpubh.2026.1806852,Determinants of orthodontic treatment acceptance among university students in Northern China: a structural equation modeling approach,4,1,1,"Figure 1, and the detailed model fit indices are presented in Table 3",https://www.ncbi.nlm.nih.gov/pmc/articles/PMC13055556/
PMC13055676,10.1161/JAHA.125.045428,Outcomes of Endovascular Treatment for Acute Basilar Artery Occlusion With National Institutes of Health Stroke Scale Score ≤10,2,3,3,Figure 1A and Table 2,https://www.ncbi.nlm.nih.gov/pmc/articles/PMC13055676/
PMC13055835,10.1161/JAHA.125.041825,Normobaric Hyperoxia in Patients With Acute Stroke: Enhancing Neuroprotection Through Inhibition of Inflammation,2,2,1,"Table 1, Figure 1",https://www.ncbi.nlm.nih.gov/pmc/articles/PMC13055835/
PMC13051569,10.5152/j.aott.2026.25477,Psychological correlates of pain catastrophizing and disability in patients with Achilles tendinopathy: The roles of resilience and psychological inflexibility,4,1,1,"Table 4, and models were depicted in Figure 1",https://www.ncbi.nlm.nih.gov/pmc/articles/PMC13051569/
PMC13051897,10.1002/clc.70284,Effect of Post-Ablational Angiotensin Receptor-Neprilysin Inhibitor on Atrial Fibrillation Recurrence: A Systematic Review and Meta-Analysis in Asian Population,4,6,3,Figure 1). Table 1,https://www.ncbi.nlm.nih.gov/pmc/articles/PMC13051897/
PMC13052976,10.1097/MD.0000000000048222,"Content, quality, and reliability of gout-related videos on TikTok and Bilibili: A cross-sectional study",3,5,1,Figure 3B illustrates the differences in modified DISCERN scores across uploaders.Table 3,https://www.ncbi.nlm.nih.gov/pmc/articles/PMC13052976/
PMC13049397,10.2196/87689,A Therapeutic Conversational Agent (Solace) for Management of Chronic Pain: Acceptability and Usability Study,6,6,1,Table 1. All participants passed attention checks.Figure 4,https://www.ncbi.nlm.nih.gov/pmc/articles/PMC13049397/
PMC13047767,10.2147/CMAR.S573128,Perioperative Body Image Trajectories in Amputation Patients with Malignant Bone Tumors: A Latent Transition Analysis,6,1,1,Figure 1.Table 2,https://www.ncbi.nlm.nih.gov/pmc/articles/PMC13047767/
PMC13046191,10.4103/jmp.jmp_65_25,C2FAU-Net: A Deep Learning Approach with Multi-scale Strategy for Automated Delineation of Organs-at-risk in Cervical Cancer High-dose Rate Brachytherapy,4,4,1,Figure 3. The experimental results in Table 2,https://www.ncbi.nlm.nih.gov/pmc/articles/PMC13046191/
PMC13044155,10.3389/fpubh.2026.1739460,Dynamic monitoring of public opinion on fertility intentions: based on the intersection of empirical and social media perspectives,5,3,1,Figure 2. The 2015 to 2024 sentiment Analysis Summary table is shown in Table 4,https://www.ncbi.nlm.nih.gov/pmc/articles/PMC13044155/
PMC13038619,10.3389/fnhum.2026.1767418,Modulation of cerebral activation strategies by training mode in stratified stroke cohorts: an fNIRS study,2,8,4,Figure 3.Table 1,https://www.ncbi.nlm.nih.gov/pmc/articles/PMC13038619/
PMC13042353,10.1155/prm/3187891,Nonlinear Association Between Body Roundness Index and Axial Spinal Pain in Middle-Aged and Older Chinese Adults: A Nationwide Cross-Sectional Study,3,6,1,Figure 3) and two-piecewise logistic regression analysis (Table 3,https://www.ncbi.nlm.nih.gov/pmc/articles/PMC13042353/
PMC13030215,10.3390/s26061849,Measurement-Based Optimization of a Lightweight Upper-Extremity Rehabilitation Exoskeleton for Task-Oriented Treatment,11,9,2,Table 1. The initial design presented in Figure 1,https://www.ncbi.nlm.nih.gov/pmc/articles/PMC13030215/
PMC13030621,10.3390/s26061746,"Validity, Reliability and Interpretability of an IMU-Based System to Measure 3D Lower Limb Kinematics of Patients with Heterogeneous Gait Disorders",4,5,1,Figure 3 and Table 4,https://www.ncbi.nlm.nih.gov/pmc/articles/PMC13030621/
PMC13029277,10.3390/pathogens15030327,"Clinical Manifestations of Lyme Borreliosis in Europe: Burden of Lyme Disease Study (BOLD), 2021–2022",5,5,1,Table 1). These manifestation counts are depicted in Figure 3,https://www.ncbi.nlm.nih.gov/pmc/articles/PMC13029277/
PMC13029436,10.3390/pathogens15030255,Genotypic and Phenotypic Characterisation of Staphylococcus aureus Enterotoxins Using Single-Cell Raman Spectroscopy and Metabolomics,2,5,1,Table 2. As depicted in Figure 2,https://www.ncbi.nlm.nih.gov/pmc/articles/PMC13029436/
PMC13028301,10.3390/medicina62030511,"Persistence of Body Composition Changes Observed During the Winter Holiday Period: A Three-Time-Point, One-Year Longitudinal Study",6,6,1,Table 5 and illustrated in Figure 1,https://www.ncbi.nlm.nih.gov/pmc/articles/PMC13028301/
PMC13028760,10.3390/nu18060957,Associations of Temporal Eating Patterns with Nutrient Intake Variability and Diet Quality Among Japanese Female Mobile Application Users,4,5,1,"Figure 1b). Furthermore, as mentioned above (Table 3",https://www.ncbi.nlm.nih.gov/pmc/articles/PMC13028760/
PMC13025566,10.3390/cancers18061042,Evaluating the Use and Feasibility of Indocyanine Green (ICG) as a Beacon of Precision in Sentinel Node Biopsy for Breast Cancer from an Oncoplastic Practice in India,4,5,3,Figure 1 and Table 2,https://www.ncbi.nlm.nih.gov/pmc/articles/PMC13025566/
PMC13023937,10.3390/biom16030420,Natural Products Targeting PAD4 in NETosis: Structural and Mechanistic Insights into Direct and Indirect Inhibition,4,4,1,Table 4 and Figure 4,https://www.ncbi.nlm.nih.gov/pmc/articles/PMC13023937/
PMC13028800,10.3390/metabo16030210,Pharmacometabolomics Detects Unreported Clopidogrel Metabolites in the Urine of Kidney and Liver Transplant Recipients,4,5,1,"Figure 4A), thus mirroring the relative abundance patterns described in Table 4",https://www.ncbi.nlm.nih.gov/pmc/articles/PMC13028800/
PMC13017899,10.3389/fimmu.2026.1616889,Integrative pan-cancer analysis of dipeptidyl peptidase 4 with clinical and in vitro validation in prostate cancer,1,7,1,"Figure 6A, and the demographic and clinical characteristics are presented in Table 1",https://www.ncbi.nlm.nih.gov/pmc/articles/PMC13017899/
PMC13018147,10.3389/fpubh.2026.1792742,Confronting the economic burden of diabetes: Can TCM DRG payment reform in China offer a viable solution? Insights from empirical research in Western China,5,6,5,"Table 3, and the specific trend changes are illustrated in Figure 2",https://www.ncbi.nlm.nih.gov/pmc/articles/PMC13018147/
PMC13017916,10.1093/sleep/zsaf231,Chronotype and psychopathology: insights from a genetically informative design,5,2,1,Figure 1Common pathway model.Polygenic scoresIn Table 5,https://www.ncbi.nlm.nih.gov/pmc/articles/PMC13017916/
PMC13015966,10.2147/IJN.S574545,"Injectable Hydrogels Composed of Thiolated Chitosan, Silk Fibroin, and Gallium-Doped Bioactive Glass Nanoparticles for Bone Regeneration and Osteosarcoma Suppression",2,9,1,Table 2). As depicted in Figure 3,https://www.ncbi.nlm.nih.gov/pmc/articles/PMC13015966/
PMC13013984,10.1177/15330338261428665,"Prediction Models and Prognostic Analysis 
of Immune-Related Acute Kidney Injury 
in Lung Cancer Patients",5,5,3,Table 4 and depicted in Figure 3,https://www.ncbi.nlm.nih.gov/pmc/articles/PMC13013984/
PMC13014801,10.1002/psp4.70214,Learning Covariate Relations in Disease Progression Models Using Symbolic Neural Networks,2,4,1,Figure 4.TABLE 2,https://www.ncbi.nlm.nih.gov/pmc/articles/PMC13014801/
PMC13010577,10.34172/jcs.025.33570,The Effect of Evening Primrose Oil on Menopausal Symptoms Management: A Systematic Review and Meta-Analysis,3,5,3,Table 2 and Figure 2,https://www.ncbi.nlm.nih.gov/pmc/articles/PMC13010577/
PMC13009812,10.1177/20552076261431856,Prioritizing implementation strategies of electronic patient-reported outcome in cancer management in primary health care: A best–worst scaling study among stakeholders,6,7,5,"Table 1, and an illustrative example of the choice task is depicted in Figure 3",https://www.ncbi.nlm.nih.gov/pmc/articles/PMC13009812/
PMC13006643,10.3389/fpubh.2026.1727508,"Bullying, minority stress and revenge impulse among autistic college students: group differences by sexual and gender minority status",11,6,6,"Table 4, Figure 2",https://www.ncbi.nlm.nih.gov/pmc/articles/PMC13006643/
PMC13007070,10.1136/bmjopen-2025-110369,"Cross-sectional study of respiratory virus infections in upper respiratory tract infection patients: post-COVID-19 pandemic trends in Sichuan, China",3,5,1,figure 2 and table 2,https://www.ncbi.nlm.nih.gov/pmc/articles/PMC13007070/
PMC13008330,10.1093/jas/skag056,"Performance, blood parameters, ruminal fermentation and microbial community of dairy cows supplemented with Saccharomyces cerevisiae fermentation product from dry-off to early lactation",7,9,2,Figure 2). 3.5% FCM and ECM were not affected by the dietary treatments (Table 3,https://www.ncbi.nlm.nih.gov/pmc/articles/PMC13008330/
PMC12968308,10.3389/fcimb.2026.1741170,"Clinical and molecular characteristics, antibiotic susceptibility, risk factors and predictors of mortality in carbapenem-resistant klebsiella pneumoniae bloodstream infections in Southern Sichuan, China: a 5-year multicenter study",3,6,1,Figure 3).Table 1,https://www.ncbi.nlm.nih.gov/pmc/articles/PMC12968308/
PMC12968227,10.3389/fcimb.2026.1705239,Cellular signaling pathway of Shiga toxin-induced ATP release,2,5,1,Table 2.Figure 4,https://www.ncbi.nlm.nih.gov/pmc/articles/PMC12968227/
PMC12967252,10.1002/iid3.70369,Modulation of Cytokines and Immune Cells by Plasma Exchange in Patients With Certain Autoimmune Neurological Diseases,4,4,2,Table 3. Figure 2,https://www.ncbi.nlm.nih.gov/pmc/articles/PMC12967252/
PMC12959640,10.26650/eor.20251709594,Postoperative pain and quality of life after sonic irrigation with Waterpik dental flosser home care device: a randomized clinical trial,3,4,1,Figure 4.Figure 4.Inter-group comparison of pain scores at different time intervals.Table 1,https://www.ncbi.nlm.nih.gov/pmc/articles/PMC12959640/
PMC12953449,10.3389/fimmu.2026.1617227,Identification of predictive biomarkers and dose optimization for camrelizumab combined with apatinib in the treatment of advanced hepatocellular carcinoma: a quantitative systems pharmacology approach,3,7,2,Figure 5B and Table 2,https://www.ncbi.nlm.nih.gov/pmc/articles/PMC12953449/
PMC12955343,10.1002/jcph.70171,Population Pharmacokinetic Modeling Practice of Time-Varying Clearance: Insights from a First-in-Human Study Case,5,4,2,Figure 4 and Table 5,https://www.ncbi.nlm.nih.gov/pmc/articles/PMC12955343/
PMC12949624,10.1002/cbic.70237,Identification of ZFTA as a Novel KLHL20 Substrate and Mechanistic Insights Into Fuzzy Binding of Disordered Peptides via Biosensor Analysis and Computational Modelling,2,9,1,FIGURE 5SPR biosensor data for designed peptides (Table 2,https://www.ncbi.nlm.nih.gov/pmc/articles/PMC12949624/
PMC12948932,10.1093/jas/skag011,A conserved functional missense SNP (E100K) in sheep MC4R gene leading to functional loss and impacting the growth traits,4,6,1,Figure 4H). The specific Rmax and EC50 values are presented in Table 4,https://www.ncbi.nlm.nih.gov/pmc/articles/PMC12948932/
PMC12949106,10.1113/EP093023,Use of transcutaneous spinal cord stimulation to explore inhibitory and facilitatory circuits in muscles of the human lower limb,5,9,3,"Table 3, and the modulation pattern of the TA conditioning muscle is depicted in Figure 5",https://www.ncbi.nlm.nih.gov/pmc/articles/PMC12949106/
PMC12946021,10.3389/fimmu.2026.1685902,Construction and validation of a novel diagnostic model for esophageal squamous cell carcinoma: an integrated analysis of multi-omics data,2,12,1,Table 1). Our predictive model was visualized as a user-friendly nomogram (Figure 6,https://www.ncbi.nlm.nih.gov/pmc/articles/PMC12946021/
PMC12944429,10.3390/s26041273,Multi-Object Detection of Forage Density and Dairy Cow Feeding Behavior Based on an Improved YOLOv10 Model for Smart Pasture Applications,11,12,2,Table 1. Annotation examples are shown in Figure 2,https://www.ncbi.nlm.nih.gov/pmc/articles/PMC12944429/
PMC12942138,10.3390/medicina62020250,Intelligent Attention-Driven Deep Learning for Hip Disease Diagnosis: Fusing Multimodal Imaging and Clinical Text for Enhanced Precision and Early Detection,5,8,2,Table 3 and Figure 3,https://www.ncbi.nlm.nih.gov/pmc/articles/PMC12942138/
PMC12941377,10.3390/ijms27042033,Mitoepigenetic Alterations in Early-Onset Parkinson’s Disease,3,6,2,"Table 2, Figure 1",https://www.ncbi.nlm.nih.gov/pmc/articles/PMC12941377/
PMC12940650,10.3390/ijms27041972,Improving the SSIR Method: Implementation of an Exhaustive Multilevel Scan for Categorical Variables,6,4,2,"Figure 1). In total, the full combinatorial space includes 4 × 4 × 3 = 48 compounds. Table 1",https://www.ncbi.nlm.nih.gov/pmc/articles/PMC12940650/
PMC12938397,10.3390/bs16020291,Motor–Cognitive Associations in Older Adults: A Cross-Sectional Study Toward Self-Assessment Tools,11,10,1,Table 5 and Figure 6,https://www.ncbi.nlm.nih.gov/pmc/articles/PMC12938397/
PMC12933279,10.1111/cid.70127,Prosthetic Emergence Angles and Implant Outcomes: A Retrospective Study With at Least 5 Years of Follow-Up,9,7,1,Figure 3.TABLE 2,https://www.ncbi.nlm.nih.gov/pmc/articles/PMC12933279/
PMC12930070,10.3389/fimmu.2026.1712403,Cost-effectiveness of perioperative durvalumab plus FLOT for resectable gastric and gastroesophageal junction adenocarcinoma in the United States,2,5,1,Table 1) (12).Figure 1,https://www.ncbi.nlm.nih.gov/pmc/articles/PMC12930070/
PMC12929388,10.3389/fphar.2026.1752108,Impact of non-steroidal anti-inflammatory drugs on malignant transformation in oral lichen planus: insights from a real-world cohort study,7,2,4,Table 2 and Figure 2,https://www.ncbi.nlm.nih.gov/pmc/articles/PMC12929388/
PMC12930232,10.1111/inm.70240,"Functional, Contextual, and Interventional Drivers of Formal Coercion in Acute Mental Health Units: A Feature Analysis",2,4,1,Table 2 shows the developed and evaluated predictive models.FIGURE 3,https://www.ncbi.nlm.nih.gov/pmc/articles/PMC12930232/
PMC12930129,10.1111/clr.70060,Outcome Measures in Alveolar Ridge Augmentation in the Edentulous Maxilla: A Systematic Review and COSMIN Analysis,4,4,1,Table 2. Figure 3,https://www.ncbi.nlm.nih.gov/pmc/articles/PMC12930129/
PMC12930132,10.1111/clr.14457,Patient-Reported Outcome Measures (PROMs) and Clinician-Reported Outcomes (ClinROs) in Sinus Floor Elevation for Implant Rehab in the Edentulous Maxilla: A Systematic Review and COSMIN Analysis,3,4,1,"Table 1. Also, Figure 3",https://www.ncbi.nlm.nih.gov/pmc/articles/PMC12930132/
PMC12916624,10.3389/fimmu.2026.1717925,Comprehensive analysis of mitochondrial unfolded protein response related genes for prognosis and therapeutic response in pancreatic cancer,1,9,3,Table 1.Figure 7,https://www.ncbi.nlm.nih.gov/pmc/articles/PMC12916624/
PMC12916815,10.1038/s41598-026-35764-3,Structured dissociative PCA methods for high dimensional neuroimaging signal decomposition,4,9,1,"Figure 7 displays the recovered RSNs, including the default-mode network. In Table 3",https://www.ncbi.nlm.nih.gov/pmc/articles/PMC12916815/
PMC12913391,10.3389/fpubh.2026.1762327,How does DRG reform affect length of stay and hospitalization costs in traditional Chinese medicine hospitals?—an empirical analysis using interrupted time-series model from two cities in western China,7,5,2,Figure 2.Table 3,https://www.ncbi.nlm.nih.gov/pmc/articles/PMC12913391/
PMC12915550,10.1161/CIRCGEN.125.005330,Genetic Association of Circulating Proteins and Gene Transcripts With Spontaneous Coronary Artery Dissection,3,5,2,Figure 1. The full list and details of data sources used are provided in Table 1,https://www.ncbi.nlm.nih.gov/pmc/articles/PMC12915550/
PMC12915152,10.1002/advs.202520838,ADAMTS9-AS2 Disrupts Docetaxel-Resistance in Castration-Resistant Prostate Cancer via Stemness Suppression and Ferroptosis Induction,2,7,2,"Table 1, and the structure was shown in Figure 6",https://www.ncbi.nlm.nih.gov/pmc/articles/PMC12915152/
PMC12909185,10.3389/fimmu.2026.1716099,Elevated serum interleukin-38 levels in polymyositis and dermatomyositis: diagnostic implications and correlations with inflammatory markers,4,5,1,Figure 1.Table 1,https://www.ncbi.nlm.nih.gov/pmc/articles/PMC12909185/
PMC12908798,10.1097/MD.0000000000045277,Trajectory and predictive factors of cancer-related fatigue in hospitalized elderly patients with non-small cell lung cancer undergoing chemotherapy,11,2,5,Table 3 and Figure 1,https://www.ncbi.nlm.nih.gov/pmc/articles/PMC12908798/
PMC13062036,10.1111/1460-6984.70239,Multidimensional Measurements of Dysarthria in Myotonic Dystrophy Type 1,7,6,1,Figure 3. The MPT of patients with DM1 is shorter than the reference value.TABLE 5,https://www.ncbi.nlm.nih.gov/pmc/articles/PMC13062036/
PMC13064194,10.1136/bmjpo-2025-003755,Does osteogenesis imperfecta predispose infants to metaphyseal fractures? A systematic review,3,5,2,figure 1. Reasons for exclusion are summarised in table 1,https://www.ncbi.nlm.nih.gov/pmc/articles/PMC13064194/
PMC13064124,10.1136/bmjopen-2025-113892,Daytime circadian patterns of exhaled volatile organic compounds in adults without and with type 1 and type 2 diabetes: protocol for an exploratory observational study,4,2,1,"figure 1, and the schedule is summarised in table 2",https://www.ncbi.nlm.nih.gov/pmc/articles/PMC13064124/
PMC13064172,10.1136/lupus-2025-001842,Unsupervised clustering of clinical and laboratory features of systemic lupus erythematosus: insights from a multicentre cohort,3,3,2,figure 1D) and detailed in online supplemental table 1,https://www.ncbi.nlm.nih.gov/pmc/articles/PMC13064172/
PMC13065277,10.1177/23312165261432065,Effect of Avatar Head Movements on Communication Behavior and Subjective Evaluations of Presence and Success in Triadic Conversations,6,11,4,Table 4.Figure 7,https://www.ncbi.nlm.nih.gov/pmc/articles/PMC13065277/
PMC13063330,10.1080/20008066.2026.2649110,The overlooked trauma: psychological violence and its impact on PTSD symptoms,3,3,1,"Table 2). Through boxplots, Figure 3",https://www.ncbi.nlm.nih.gov/pmc/articles/PMC13063330/
PMC13062159,10.1038/s41598-026-45870-x,"Desidustat’s cardioprotective mechanisms in heart failure: a network pharmacology, molecular docking and dynamics approach",5,16,1,Table 5 and visualized in Fig. 13. Figure 13,https://www.ncbi.nlm.nih.gov/pmc/articles/PMC13062159/
PMC13065192,10.34067/KID.0000000963,Impact of Left Ventricular Geometry on All-Cause Mortality in Patients Undergoing Hemodialysis,2,5,2,Figure 1). Table 1,https://www.ncbi.nlm.nih.gov/pmc/articles/PMC13065192/
PMC13063333,10.1080/22221751.2026.2651463,"HTLV-1 genetic diversity of 52 complete sequences from 14 African countries reveals novel variants and a lack of typical P12/P8 and P30 accessory proteins in HTLV-1b, d, and f genotypes",2,5,4,"Figure 1, Table 1",https://www.ncbi.nlm.nih.gov/pmc/articles/PMC13063333/
PMC13064132,10.1186/s12904-026-02037-9,Quality of end-of-life care among individuals with and without dementia: a Swedish registry-based study,2,2,1,Table 2.Quality of end-of-lifeFigure 1,https://www.ncbi.nlm.nih.gov/pmc/articles/PMC13064132/
PMC13063224,10.14744/tjtes.2025.77440,Prognostic role of systemic inflammatory indices in predicting the severity of acute calculous cholecystitis,3,1,1,Table 3 and illustrated in Figure 1,https://www.ncbi.nlm.nih.gov/pmc/articles/PMC13063224/
PMC13065291,10.1177/1098612X261433057,"Treatment of non-effusive feline infectious peritonitis using oral remdesivir or GS-441524: a randomized, double-blind, non-inferiority trial",3,5,2,Figure 1). Characteristics of cats at enrollment are presented in Table 2,https://www.ncbi.nlm.nih.gov/pmc/articles/PMC13065291/
PMC13065318,10.4103/aja2025100,A novel full-thickness skin graft technique for the surgical management of congenital buried penis in children,3,3,2,Table 2). The surgical steps of the FTSG procedure are illustrated in Figure 1,https://www.ncbi.nlm.nih.gov/pmc/articles/PMC13065318/
PMC13064634,10.1093/asj/sjaf260,"Botulinum Toxin Type A in the Treatment of Primary Axillary Hyperhidrosis:A Phase 3, Multicenter, Randomized, Double-Blind, Placebo-Controlled Study of Efficacy and Safety in Chinese Patients",3,5,1,Table 2).Figure 1,https://www.ncbi.nlm.nih.gov/pmc/articles/PMC13064634/
PMC13065321,10.4103/aja202555,Intracytoplasmic spermatid injection in non-obstructive azoospermia: a review of current evidence and future directions,2,3,1,Table 2 and Figure 2,https://www.ncbi.nlm.nih.gov/pmc/articles/PMC13065321/
PMC13062717,10.1111/jerd.70066,Fatigue Performance and Failure Loads of Composition-Gradient Multilayer Zirconia: Partial-Coverage Restorations Versus Single Crowns at Different Thicknesses,3,13,2,Table 1.FIGURE 6,https://www.ncbi.nlm.nih.gov/pmc/articles/PMC13062717/
PMC13064517,10.1093/jnci/djaf338,Lymphocyte count and risk of chronic lymphocytic leukemia,3,2,1,Figure 1 and Table 2,https://www.ncbi.nlm.nih.gov/pmc/articles/PMC13064517/
PMC13064670,10.1093/asj/sjaf250,Effectiveness and Safety of a Polyvinyl Alcohol Microsphere and Hyaluronic Acid Suspension for Chin Augmentation: A Randomized Controlled Trial and Multidisciplinary Study,3,6,1,Figure 1J–N).Table 1,https://www.ncbi.nlm.nih.gov/pmc/articles/PMC13064670/
PMC13062725,10.1111/jerd.70056,To Bleach or Not to Bleach?—The Role of Bleaching in the Clinical Workflow for the Treatment of Demarcated Opacities in Anterior Teeth,1,4,3,"Figure 1, Table 1",https://www.ncbi.nlm.nih.gov/pmc/articles/PMC13062725/
PMC13065322,10.4103/aja202535,Novel biallelic DNHD1 variants associated with male infertility with severe MMAF phenotype,6,5,2,Table 1 and Supplementary Figure 1,https://www.ncbi.nlm.nih.gov/pmc/articles/PMC13065322/
PMC13065324,10.4103/aja202542,Novel mutations in FSIP2 cause male infertility through multiple morphological abnormalities of the sperm flagella,5,2,1,Table 1 describes in detail the physical and semen characteristics of P1 and P2.Figure 1,https://www.ncbi.nlm.nih.gov/pmc/articles/PMC13065324/
PMC13065181,10.34067/KID.0000000921,Novel Molecular Signatures of Peripheral Regulatory T Cells in Kidney Disease Associated with Type 1 Diabetes,1,5,3,"Figure 2, A and B and Supplemental Table 2",https://www.ncbi.nlm.nih.gov/pmc/articles/PMC13065181/
PMC13062980,10.1016/j.jmb.2025.169224,Structural Impact of Ex Vivo Resistance Mutations on HIV-1 Integrase Polymers Induced by Allosteric Inhibitors,1,6,1,Figure 1) and ~60-fold against GSK1264 [16] (Supplemental Table 2,https://www.ncbi.nlm.nih.gov/pmc/articles/PMC13062980/
PMC13064434,10.2340/aos.v83.41943,Clinical use of cone-beam computed tomography in Western Norway: a referral-based retrospective study,3,5,1,"Table 1, Figure 2",https://www.ncbi.nlm.nih.gov/pmc/articles/PMC13064434/
PMC13065271,10.1177/20552076261430465,Smart technology facilitated patient-centered venous thromboembolism management: A mixed-methods study of the digital feasibility,5,6,2,Figure 2.Patient enrolment and follow-up flowchart.Table 4,https://www.ncbi.nlm.nih.gov/pmc/articles/PMC13065271/
PMC13063356,10.1002/mnfr.70453,Determination of Folate Bioavailability From Brewer's Yeast in a Dual Isotope Randomized Human Intervention Study,6,4,1,Table 4 confirmed the accuracy of the developed dual stable isotope method.FIGURE 2,https://www.ncbi.nlm.nih.gov/pmc/articles/PMC13063356/
PMC13062248,10.3389/fragi.2026.1726714,Comprehensive quantitative analysis of muscle cross-sectional area and intramuscular fat infiltration of hip using modified DIXON MRI based on chemical shift encoding technique,2,6,1,Figure 2; Table 2,https://www.ncbi.nlm.nih.gov/pmc/articles/PMC13062248/
PMC13061872,10.3389/fnhum.2026.1741133,Spatially resolved EEG reveals theta-band network modulation following iTBS in aging and mild cognitive impairment,2,5,1,Table 2; Figure 5,https://www.ncbi.nlm.nih.gov/pmc/articles/PMC13061872/
PMC13061869,10.3389/fonc.2026.1743124,Hospital-to-hospice transfers in Germany: analyzing the impact of age and gender at the care transition interface,3,4,2,"Table 3, Figure 4",https://www.ncbi.nlm.nih.gov/pmc/articles/PMC13061869/
PMC13062858,10.21037/gs-2025-aw-482,Novel triple-drug regimen for preoperative optimization in giant Graves’ disease: a prospective efficacy and safety trial,2,13,2,Table 1. The neck appearance of patients with “giant” GD is illustrated in Figure 6,https://www.ncbi.nlm.nih.gov/pmc/articles/PMC13062858/
PMC13063251,10.1002/alz.71283,"Synaptic density imaging in behavioral variant frontotemporal dementia: A comparison of 1
8F-SynVesT-1 and 1
8F-FDG PET",2,5,3,Figure 1 and shown in Table 2,https://www.ncbi.nlm.nih.gov/pmc/articles/PMC13063251/
PMC13062899,10.2340/biid.v13.45299,"Antibiofilm and antibacterial effects of Nigella sativa extract against Streptococcus mutans predicting the role of fatty acids composition: in vitro, CLSM and in
silico studies",5,11,4,Table 2 and Figure 1,https://www.ncbi.nlm.nih.gov/pmc/articles/PMC13062899/
PMC13061723,10.3389/fendo.2026.1811595,Effects of non-pharmacological interventions on ulcer healing in patients with diabetic foot: a network meta-analysis of randomized controlled trials,1,6,2,Table 2. Figure 4,https://www.ncbi.nlm.nih.gov/pmc/articles/PMC13061723/
PMC13062832,10.21037/tau-2025-1-942,Real-world efficacy and safety of disitamab vedotin (RC48) plus PD-1 inhibitors in advanced urothelial carcinoma: a single-center retrospective study,4,10,1,"Table 2, Figure 3",https://www.ncbi.nlm.nih.gov/pmc/articles/PMC13062832/
PMC13065238,10.3389/fneur.2026.1724172,Additive effect of patient anosognosia and theory of mind deficit on dementia caregiver distress,3,2,1,Table 3; Figure 2,https://www.ncbi.nlm.nih.gov/pmc/articles/PMC13065238/
PMC13062308,10.3389/fpsyg.2026.1727473,Psychodynamic treatments taking an embodied perspective and their effect on depressive symptomatology: a systematic review and meta-analysis of randomized controlled trials,2,4,1,Figure 1).Study characteristics are summarized in Table 2,https://www.ncbi.nlm.nih.gov/pmc/articles/PMC13062308/
PMC13062835,10.21037/gs-2025-1-592,Age-stratified differences in asymptomatic primary hyperparathyroidism: a single-center cohort study from 2017 to 2024,4,5,1,Figure 3.Table 4,https://www.ncbi.nlm.nih.gov/pmc/articles/PMC13062835/
PMC13060743,10.2196/80553,"Exploring the Role of AI in Managing Treatment Recommendations for Lymphedema: International, Multidisciplinary, Multiprofessional Survey Study of Trust, Reliability, and Impact on Decision-Making",2,3,2,Figure 1; Table 1,https://www.ncbi.nlm.nih.gov/pmc/articles/PMC13060743/
PMC13060652,10.1002/ejsc.70167,Making Sense of Shoulder Exercise: Measuring the Accuracy of an Artificial Intelligence Model to Classify Shoulder Exercise via Wearable Sensors Among People With and Without Rotator Cuff Tendinopathy,5,4,1,FIGURE 1Recruitment flow diagram.TABLE 1,https://www.ncbi.nlm.nih.gov/pmc/articles/PMC13060652/
PMC13060369,10.1002/jmv.70908,"Concordance and Acceptability of Self- Vs. Clinician-Collected Anorectal Swabs for HPV Genotyping in Gay, Bisexual and Other Men Who Have Sex With Men in Metropolitan Barcelona",2,5,2,"Table 2, with stratification by risk group illustrated in Figure 2",https://www.ncbi.nlm.nih.gov/pmc/articles/PMC13060369/
PMC13059088,10.1155/bmri/6690380,"Effective Cataract Surgery Coverage and Potential Influencing Factors for Adults in Fujian, Southeast of China: Fujian Eye Study",2,3,1,"Figure 1. As income levels increased, eCSC also rose significantly (p = 0.046).Table 1",https://www.ncbi.nlm.nih.gov/pmc/articles/PMC13059088/
PMC13061417,10.7554/eLife.104841,Probing metazoan polyphosphate biology using Drosophila reveals novel and conserved polyP functions,3,19,4,Figure 1C and Table 2,https://www.ncbi.nlm.nih.gov/pmc/articles/PMC13061417/
PMC13058921,10.1002/alz.71204,Mild cognitive impairment-to-Alzheimer's dementia progression risk: the contribution of the Interceptor project,3,4,1,Table 3b) and presented as a nomogram in Figure 4,https://www.ncbi.nlm.nih.gov/pmc/articles/PMC13058921/
PMC13061414,10.7554/eLife.105501,Fitness drivers of division of labor in vertebrates,10,10,2,Figure 1; Table 1,https://www.ncbi.nlm.nih.gov/pmc/articles/PMC13061414/
PMC13058687,10.1002/ppul.71613,Characterization of Pulmonary Dysfunction in Systemic Juvenile Idiopathic Arthritis Using Xenon and Proton MRI,1,5,3,Figure 3b; Table 1,https://www.ncbi.nlm.nih.gov/pmc/articles/PMC13058687/
PMC13058508,10.1111/scd.70165,Evaluation of the Concurrent Validity of the Oral Health Screening Tool (OHS) in the Mental Health Care Setting: A Pilot Study,3,1,1,Table 3 and Figure 1,https://www.ncbi.nlm.nih.gov/pmc/articles/PMC13058508/
PMC13058271,10.1093/ageing/afag066,Permanent cognitive or physical impairment after transfer from long-term care to acute care: a retrospective cohort study,3,2,1,Table 3 & Table A4.)Figure 2,https://www.ncbi.nlm.nih.gov/pmc/articles/PMC13058271/
PMC13056510,10.1002/psp4.70236,Physiologically-Based Pharmacokinetic Model-Informed Labeling for Cariprazine Drug Interactions With CYP3A Inhibitors,2,5,1,Table 1).FIGURE 3,https://www.ncbi.nlm.nih.gov/pmc/articles/PMC13056510/
PMC13058183,10.1177/10732748261442617,"HPV16/18 Genotyping Combined With PAX1 Methylation Triage Reduces Immediate Colposcopy While Improving CIN3+ Detection: A Real-World Study of 3,233 Chinese Women",3,2,1,Figure 2B). As summarized in Table 2,https://www.ncbi.nlm.nih.gov/pmc/articles/PMC13058183/
PMC13060728,10.1167/jov.26.4.2,Social wayfinding in virtual reality: Navigational decisions and eye movements in a dynamic environment,16,32,7,"Figure 1, with more details in Table 2",https://www.ncbi.nlm.nih.gov/pmc/articles/PMC13060728/
PMC13058696,10.2340/aos.v85.45662,Characterising oral microbial signatures for periodontal disease in the NHANES population,2,5,4,Table 1 and Figure 1,https://www.ncbi.nlm.nih.gov/pmc/articles/PMC13058696/
PMC13058531,10.2196/72083,The Impact of Evaluation Strategy on Sepsis Prediction Model Performance Metrics in Intensive Care Data: Retrospective Cohort Study,1,5,2,"Figure 3, Table 1",https://www.ncbi.nlm.nih.gov/pmc/articles/PMC13058531/
PMC13056474,10.1111/os.70289,The Application of Selective Intersegmental Laminectomy With Irrigation Technology in the Treatment of Spinal Epidural Abscess,10,4,1,Table 5). In SILI group (Figure 3,https://www.ncbi.nlm.nih.gov/pmc/articles/PMC13056474/
PMC13056487,10.1111/os.70269,Predictive Role of Shoulder Imbalance and Residual C7PL–CSVL in Coronal Imbalance After Surgery for Severe and Rigid Scoliosis: A Retrospective Analysis,5,7,2,Figure 2 and Table 3,https://www.ncbi.nlm.nih.gov/pmc/articles/PMC13056487/
PMC13057098,10.1038/s41598-026-42151-5,Design and implementation of a deep learning framework for automated crop classification and health diagnosis in precision agriculture,6,8,1,Figure 3 shows the Computation of Precision. In Table 2,https://www.ncbi.nlm.nih.gov/pmc/articles/PMC13057098/
PMC13056985,10.1038/s41531-026-01269-z,Chronic adaptive deep brain stimulation in Parkinson’s disease: ADAPT-START findings and programming principles,2,3,1,Table 1.Electrodes reconstruction (Supplementary Figure 1,https://www.ncbi.nlm.nih.gov/pmc/articles/PMC13056985/
PMC13064592,10.2196/77940,Comparative Performance of 3 Analytical Models in Identifying Associated Factors of Pulmonary Dysfunction–Depression Comorbidity: China Health and Retirement Longitudinal Study–Based Nationwide Cross-Sectional Study,2,5,3,Figure 2A).Table 1,https://www.ncbi.nlm.nih.gov/pmc/articles/PMC13064592/
PMC13063207,10.1111/liv.70614,Prognostication of Liver Disease Patients via the WFUMB ‘Rule-of-4’ Algorithm Using SSI-2D-SWE-Based Liver Stiffness Measurement,2,2,2,Figure 1; Table 1,https://www.ncbi.nlm.nih.gov/pmc/articles/PMC13063207/
PMC13063118,10.1002/hbm.70522,Investigating Emotional Reactivity in Experienced Users of Psychedelics: A Cross-Sectional fMRI Study,3,3,2,Table 2 and Figure 2,https://www.ncbi.nlm.nih.gov/pmc/articles/PMC13063118/
PMC13063114,10.1111/ene.70598,Headache After Coil Embolization for Unruptured Intracranial Aneurysms (Non-Stent-Assisted Versus Stent-Assisted): A Prospective Comparative Cohort Study,4,3,2,Table 2 and Figure 2,https://www.ncbi.nlm.nih.gov/pmc/articles/PMC13063114/
PMC13062037,10.1111/nmo.70305,Gastrointestinal Symptoms and Systemic Comorbidities in Patients With POTS: A Systematic Review and Meta-Analysis,2,4,2,"Figure 3, Table 2",https://www.ncbi.nlm.nih.gov/pmc/articles/PMC13062037/
PMC13062480,10.2196/56824,Promoting Self-Regulated Social Media Use on Smartphones With a Mobile Intervention App (Wellspent): Randomized Controlled Trial,3,3,1,Table 2 and visualized in Figure 3,https://www.ncbi.nlm.nih.gov/pmc/articles/PMC13062480/
PMC13065267,10.1177/00469580261432827,Web-Based COPD Risk Self-Assessment Identifies a High-Risk Group With HRQoL Resembling Self-Reported COPD: Cross-Sectional Survey,2,3,1,"Table 1, Figure 2",https://www.ncbi.nlm.nih.gov/pmc/articles/PMC13065267/
PMC13063085,10.1001/jamanetworkopen.2026.5447,High-Flow Nasal Oxygen Therapy After Cardiac Surgery,3,2,1,Table 2).Figure 1,https://www.ncbi.nlm.nih.gov/pmc/articles/PMC13063085/
PMC13065295,10.1177/10732748261442634,Long-Term Prognosis Analysis of Gastrointestinal Stromal Tumors in the Jejunum and Ileum: A SEER-Based Study,3,4,1,"Figure 4). Additionally, Supplementary Table 2",https://www.ncbi.nlm.nih.gov/pmc/articles/PMC13065295/
PMC13065289,10.1177/00368504261442370,Development of an interpretable machine learning model for predicting new-onset atrial fibrillation in patients with sepsis-associated acute kidney injury: A retrospective cohort study,3,6,2,Figure 2).Table 2,https://www.ncbi.nlm.nih.gov/pmc/articles/PMC13065289/
PMC13064667,10.1093/esj/aakag030,Prognostic value of plaque burden on computed tomography angiography in patients with symptomatic carotid artery disease,2,4,1,Table 1.Figure 2,https://www.ncbi.nlm.nih.gov/pmc/articles/PMC13064667/
PMC13064561,10.1080/21623945.2026.2653961,The adiponectin/leptin ratio as a biomarker of adiposopathy and visceral adipose tissue accumulation: sex-specific mechanisms,4,3,2,"Figure 2). In males, ALR was inversely associated with ADIPO-IR (Table 2",https://www.ncbi.nlm.nih.gov/pmc/articles/PMC13064561/
PMC13064206,10.1136/bmjopen-2025-111113,"Marburg Heart Score and INTERCHEST score for telephone triage of acute chest pain: a prospective, diagnostic accuracy study in out-of-hours primary care",3,2,2,table 2.Figure 1,https://www.ncbi.nlm.nih.gov/pmc/articles/PMC13064206/
PMC13064197,10.1136/bmjopen-2025-114632,"Post-progression treatment patterns in systemic autoimmune rheumatic disease-associated interstitial lung disease: insights from a US retrospective, observational study",3,4,2,"table 1, figure 3",https://www.ncbi.nlm.nih.gov/pmc/articles/PMC13064197/
PMC13064181,10.1136/bmjgh-2025-021325,"Transition of obesity in India, 2006–2021: a state-wise investigation from an equity perspective",1,4,2,"table 1, figure 2",https://www.ncbi.nlm.nih.gov/pmc/articles/PMC13064181/
PMC13064179,10.1186/s12883-026-04858-w,Association of prophylactic mannitol administration with perihemorrhagic edema and long-term outcome in patients with intracerebral hemorrhage,5,4,1,Table 4). Figure 2,https://www.ncbi.nlm.nih.gov/pmc/articles/PMC13064179/
PMC13065173,10.34067/KID.0000001021,Dysregulated Protease Homeostasis Defines Primary FSGS,2,7,8,Table 1. Details are presented in Tables 1 and 2 and Supplemental Figure 1,https://www.ncbi.nlm.nih.gov/pmc/articles/PMC13065173/
PMC13063839,10.1093/icvts/ivag092,Targeting Pulmonary Nodules Prior to Video-Assisted Thoracic Surgery: Comparison of Two Different Techniques,4,4,1,Table 1).Figure 3,https://www.ncbi.nlm.nih.gov/pmc/articles/PMC13063839/
PMC13063721,10.1186/s13046-026-03699-2,BRAFV600E patient derived colon cancer organoids identify biomarkers of response to EGFR and BRAF inhibition and replicate clinical data,1,5,1,"Figure 2a-j, Suppl. table 2",https://www.ncbi.nlm.nih.gov/pmc/articles/PMC13063721/
PMC13064286,10.1186/s12903-026-08119-7,Single-use and six-week effects of a non-tobacco nicotine pouch on dental plaque characteristics: a randomized crossover study with observational follow-up,3,4,1,Figure 2 presents data on plaque pH acidogenicity for Part B after the sucrose rinse. Table 3,https://www.ncbi.nlm.nih.gov/pmc/articles/PMC13064286/
PMC13064418,10.1523/ENEURO.0448-25.2026,Rac1 Constrains Memory Consolidation,2,5,1,Table 2).Figure 2,https://www.ncbi.nlm.nih.gov/pmc/articles/PMC13064418/
PMC13064419,10.1523/ENEURO.0423-25.2026,Cortically Mediated Muscle Responses to Balance Perturbations Increase with Perturbation Magnitude in Older Adults with and without Parkinson's Disease,4,5,1,"Table 3, Fig. 5).Figure 5",https://www.ncbi.nlm.nih.gov/pmc/articles/PMC13064419/
PMC13061641,10.1038/s41586-026-10179-2,Insulin resistance prediction from wearables and routine blood biomarkers,2,7,3,Table 1 summarizes all digital and blood biomarkers among the three groups.Figure 1,https://www.ncbi.nlm.nih.gov/pmc/articles/PMC13061641/
PMC13064985,10.1093/bioinformatics/btag108,VDJ-Insights: simplifying the annotation of genomic immunoglobulin and T cell receptor regions,2,3,1,"Table 3, available as supplementary data at Bioinformatics online).Figure 2",https://www.ncbi.nlm.nih.gov/pmc/articles/PMC13064985/
PMC13063227,10.14744/tjtes.2025.40963,Temporary hemodynamic response with resuscitative endovascular balloon occlusion of the aorta (REBOA) during cardiopulmonary resuscitation in a case of traumatic cardiac arrest,2,6,1,Table 2).Figure 5,https://www.ncbi.nlm.nih.gov/pmc/articles/PMC13063227/
PMC13065425,10.47936/encephalitis.2025.00122,Preliminary evidence of cardiac dysfunction in subacute sclerosing panencephalitis: a systematic review and meta-analysis,5,4,1,Figure 1.Table 5,https://www.ncbi.nlm.nih.gov/pmc/articles/PMC13065425/
PMC13065371,10.1111/cea.70261,A Pilot Randomised Controlled Dose-Ranging Trial of Ant Venom Immunotherapy With and Without Delta-Inulin Adjuvant,4,4,1,Figure 1. Baseline characteristics of the 44 participants are shown in Table 2,https://www.ncbi.nlm.nih.gov/pmc/articles/PMC13065371/
PMC13062472,10.1177/02692163261416281,Outcomes of deprescribing for people with life-limiting conditions: A systematic review,3,3,2,Table 2 and Figure 2,https://www.ncbi.nlm.nih.gov/pmc/articles/PMC13062472/
PMC13065374,10.1111/cea.70234,AllergoOncology in Review: Harnessing Allergy in the Field of Oncology to Improve Patient Outcomes,4,4,1,Figure 2).TABLE 3,https://www.ncbi.nlm.nih.gov/pmc/articles/PMC13065374/
PMC13063360,10.1111/apa.70460,Population-Based Study Found Low Risk of Misdiagnosing Long QT Syndrome as Breath-Holding Spells in Swedish Children,2,2,1,Figure 2c and Table 1,https://www.ncbi.nlm.nih.gov/pmc/articles/PMC13063360/
PMC13063363,10.1111/apa.70453,The Emergence of Self-Awareness in Preterm Infants: Insights From the Rooting Reflex,2,2,2,Figure 1). Their perinatal data are presented in Table 1,https://www.ncbi.nlm.nih.gov/pmc/articles/PMC13063363/
PMC13064518,10.1093/eurpub/ckaf257,Community-based interventions for management of antimicrobial resistance in Europe: a systematic review,2,2,1,Table 1).Figure 2,https://www.ncbi.nlm.nih.gov/pmc/articles/PMC13064518/
PMC13065121,10.34067/KID.0000001135,Brazilian Dialysis Survey from 1999 to 2024,2,2,2,Table 1). As shown in Figure 1,https://www.ncbi.nlm.nih.gov/pmc/articles/PMC13065121/
PMC13062445,10.1177/0272989X251405892,Patient Decision Aids into Routine Orthopedic Care: Results from an Implementation Study at 12 Sites,2,2,1,"Table 2 shows reach and implementation outcomes, and Figure 2",https://www.ncbi.nlm.nih.gov/pmc/articles/PMC13062445/
PMC13064658,10.1093/asj/sjaf261,A Comparative Study to Evaluate the Safety and Efficacy of Microneedling as a Stand-Alone Treatment for Striae Rubrae and Albae,4,12,1,Figure 1.Table 3,https://www.ncbi.nlm.nih.gov/pmc/articles/PMC13064658/
PMC13065166,10.34067/KID.0000001028,Health Care Utilization in Elderly Deceased Donor Kidney Transplant Recipients,5,4,1,Figure 1 and Supplemental Table 5,https://www.ncbi.nlm.nih.gov/pmc/articles/PMC13065166/
PMC13064515,10.1093/jnci/djaf345,NQO1 as a predictor of response to adjuvant GemCap treatment for pancreatic cancer,2,6,1,"Figure 2, D and E; Table 2",https://www.ncbi.nlm.nih.gov/pmc/articles/PMC13064515/
PMC13065137,10.34067/KID.0000001032,NAD+-Boosting Ameliorates Heme Protein–Mediated Acute Kidney Injury,4,7,1,"Figure 2A, iv and vi) at day 1.Table 1",https://www.ncbi.nlm.nih.gov/pmc/articles/PMC13065137/
PMC13065203,10.34067/KID.0000001015,Dapagliflozin Mitigates Medullary Hypoxia in CKD Patients,5,6,1,Figure 4 and Table 3,https://www.ncbi.nlm.nih.gov/pmc/articles/PMC13065203/
PMC13064664,10.1093/asj/sjaf222,"Safety and Effectiveness of Two High-G′ Soft Tissue Fillers for Chin Augmentation: A Prospective, Randomized, Comparator-Controlled, Evaluator-Blinded Trial",3,2,2,Table 3).Figure 2,https://www.ncbi.nlm.nih.gov/pmc/articles/PMC13064664/
PMC13065126,10.34067/KID.0000001036,The Association of Kidney Function on Survival in Patients with Amyloid Light Chain Amyloidosis after Autologous Stem Cell Transplantation,6,7,3,Figure 1 and Table 3,https://www.ncbi.nlm.nih.gov/pmc/articles/PMC13065126/
PMC13065125,10.34067/KID.0000000981,Sodium-Glucose Cotransporter 2 Inhibitors Prevent Nephrolithiasis in Patients with Diabetes,3,5,4,Table 1).Figure 1,https://www.ncbi.nlm.nih.gov/pmc/articles/PMC13065125/
PMC13063210,10.1002/cbm.70014,The Sexual Recidivism Rates of Women Are Still Low: An Updated Meta-Analysis,2,2,2,Figure 2 and Table 2,https://www.ncbi.nlm.nih.gov/pmc/articles/PMC13063210/
PMC13065186,10.34067/KID.0000000997,Association between Urinary Fractional Excretion of Potassium and Proteinuria Remission in Adult Nephrotic Syndrome,3,4,2,Table 1).Figure 1,https://www.ncbi.nlm.nih.gov/pmc/articles/PMC13065186/
PMC7618994,10.1016/S1473-3099(25)00361-5,"Sotrovimab versus usual care in patients admitted to hospital with COVID-19 (RECOVERY): a randomised, controlled, open-label, platform trial",2,4,2,"table 2, figure 3",https://www.ncbi.nlm.nih.gov/pmc/articles/PMC7618994/
PMC13065154,10.34067/KID.0000000950,Health and Wellness Coaching to Reduce Care Burden in Autosomal Dominant Polycystic Kidney Disease Care,2,5,8,Figure 3A and Table 2,https://www.ncbi.nlm.nih.gov/pmc/articles/PMC13065154/
PMC13064438,10.2340/1651-226X.2025.43465,Patient-Reported Outcomes as a Tool for Involvement in Metastatic Melanoma Care,2,2,1,"Table 2). Regarding the individual items, Figure 2",https://www.ncbi.nlm.nih.gov/pmc/articles/PMC13064438/
PMC13065319,10.4103/aja202549,Integrated metabolomic and microbiota analysis of semen: seasonal and morphological associations,4,4,2,Figure 1 and Table 2,https://www.ncbi.nlm.nih.gov/pmc/articles/PMC13065319/
PMC7618993,10.1016/S1473-3099(25)00093-3,"Molnupiravir or nirmatrelvir–ritonavir plus usual care versus usual care alone in patients admitted to hospital with COVID-19 (RECOVERY): a randomised, controlled, open-label, platform trial",2,3,2,"table 2, figure 2",https://www.ncbi.nlm.nih.gov/pmc/articles/PMC7618993/
PMC13061726,10.3389/fcvm.2026.1771174,Predictors and clinical impact of intraoperative coronary sinus triggers in patients with paroxysmal atrial fibrillation undergoing radiofrequency catheter ablation,3,3,1,Figure 2 shows the example of CS56-triggered AF in one of the cases in this cohort.Table 3,https://www.ncbi.nlm.nih.gov/pmc/articles/PMC13061726/
PMC13062811,10.21037/gs-2025-aw-527,Perioperative outcomes and postoperative functional outcomes of robot-assisted radical prostatectomy for oligometastatic versus localized prostate cancer: a multicenter matched case-control study,3,5,3,Figure 2A and Table 3,https://www.ncbi.nlm.nih.gov/pmc/articles/PMC13062811/
PMC13061716,10.3389/fonc.2026.1773232,"Breast cancer pathogenesis, diagnosis and treatment: a comprehensive review",4,5,1,Figure 3) and detailed list is provided in Table 1,https://www.ncbi.nlm.nih.gov/pmc/articles/PMC13061716/
PMC13064499,10.1093/ofid/ofag159,Assessing Statistical Methods for Estimating the Cerebrospinal Fluid Early Fungicidal Activity as an Endpoint for Cryptococcal Meningitis Clinical Trials: A Systematic Review and Simulation Study,2,3,1,Table 1). Most sources used the 2-step approach to estimate EFA (Figure 1,https://www.ncbi.nlm.nih.gov/pmc/articles/PMC13064499/
PMC13061746,10.1002/jmd2.70084,Long-Term Safety and Efficacy of Pegvaliase in Japanese Adults With Phenylketonuria: Final Results of a Phase III Trial,3,4,2,Table 1; Figure 2,https://www.ncbi.nlm.nih.gov/pmc/articles/PMC13061746/
PMC13064867,10.6004/jadpro.2026.17.7.11,A Comprehensive Review of Monoclonal Gammopathy of Undetermined Significance,3,2,1,Table 2.Figure 1,https://www.ncbi.nlm.nih.gov/pmc/articles/PMC13064867/
PMC13062299,10.3389/fdgth.2026.1684685,"Value, development challenges, and strategies for gaining internal endorsement of digitally connected subcutaneous drug delivery devices: a survey of pharmaceutical stakeholders",2,6,2,Figure 1).Table 1,https://www.ncbi.nlm.nih.gov/pmc/articles/PMC13062299/
PMC13062204,10.3389/fcell.2026.1742816,Identifying key determinants of cumulative live birth in women with ovarian endometrioma undergoing ethanol sclerotherapy followed by in vitro fertilization or intracytoplasmic sperm injection: an interpretable machine learning analysis,3,5,1,Figure 2E). These core predictors were used to build a machine learning model.TABLE 2,https://www.ncbi.nlm.nih.gov/pmc/articles/PMC13062204/
PMC13064456,10.1016/j.igie.2025.09.001,Addressing barriers: randomized trial of effect of video education on colonoscopy preparation in Cantonese/Mandarin-speaking patients,4,3,1,Figure 2Study flowchart.Table 1,https://www.ncbi.nlm.nih.gov/pmc/articles/PMC13064456/
PMC13065300,10.3389/fgene.2026.1787421,Tumor microenvironment-induced epigenetic reprogramming of Tregs and its impact on immunotherapy,3,3,1,Table 1).FIGURE 3,https://www.ncbi.nlm.nih.gov/pmc/articles/PMC13065300/
PMC13061859,10.3389/fimmu.2026.1788756,Survival benefit and dynamics of CD8+ T cells and tumor-associated macrophages in neoadjuvant immunochemotherapy vs. chemotherapy for locally advanced esophageal squamous cell carcinoma: an IPTW-adjusted real-world study,3,4,9,Table 1).Figure 1,https://www.ncbi.nlm.nih.gov/pmc/articles/PMC13061859/
PMC13063132,10.1136/bmj-2025-089001,Non-drug perioperative interventions to reduce postoperative pulmonary complications after abdominal surgery: systematic review and meta-analysis,3,6,2,Figure 1). Full details of each trial are provided in eTables 1-3.Table 1,https://www.ncbi.nlm.nih.gov/pmc/articles/PMC13063132/
PMC13056654,10.3389/fneur.2026.1801194,Effectiveness of combined versus single circadian interventions in neonatal and pediatric intensive care units: a systematic review with meta-analysis,4,5,1,Figure 1).3.2Study characteristicsA summary of the 41 studies included is presented in Table 1,https://www.ncbi.nlm.nih.gov/pmc/articles/PMC13056654/
PMC13055336,10.1136/bmjopen-2025-112648,Adverse childhood experiences and cognitive outcomes among older adults in low-income and middle-income countries: a systematic review,2,4,1,table 1). Figure 3,https://www.ncbi.nlm.nih.gov/pmc/articles/PMC13055336/
PMC13055476,10.1161/JAHA.125.044241,Colchicine in Patients With Recent Myocardial Infarction: A Systematic Review and Meta-Analysis of Randomized Controlled Trials,2,3,1,Figure 2; Table 2,https://www.ncbi.nlm.nih.gov/pmc/articles/PMC13055476/
PMC13051263,10.2147/OPTH.S535477,The Efficacy and Safety of Nanoparticle-Based Clobetasol Propionate in Managing the Inflammation and Pain in Post-Operative Cataract Patients: A Systematic Review and Meta-Analysis,2,6,1,Figure 2Risk of bias assessment using RoB-2.Table 1,https://www.ncbi.nlm.nih.gov/pmc/articles/PMC13051263/
PMC13051655,10.3389/fpubh.2026.1765620,The effects of visual art therapy in older adults with mild cognitive impairment: a systematic review and meta-analysis,4,9,1,Table 3 and Figure 2,https://www.ncbi.nlm.nih.gov/pmc/articles/PMC13051655/
PMC13050971,10.2147/COPD.S560342,Cardiopulmonary Exercise Testing for Prognostic Assessment of Clinical Outcomes in COPD: A Systematic Review and Meta-Analysis,2,4,2,Figure 1; Table 1,https://www.ncbi.nlm.nih.gov/pmc/articles/PMC13050971/
PMC13049218,10.1177/15569845251400765,Axillary Versus Sternotomy Access in Minimally Invasive Mitral Valve Surgery: A Systematic Review and Meta-Analysis,2,8,1,Table 2 outlines the detailed results of the meta-analysis. Figure 2,https://www.ncbi.nlm.nih.gov/pmc/articles/PMC13049218/
PMC13047120,10.3389/fpubh.2026.1773088,Risk factors for carbapenem-resistant Klebsiella pneumoniae infection: a systematic review and meta-analysis,3,7,1,Table 2.Figure 2,https://www.ncbi.nlm.nih.gov/pmc/articles/PMC13047120/
PMC13047349,10.7189/jogh.16.04122,Exposure-response association between outdoor activity time and myopia risk in Chinese children and adolescents: a systematic review and meta-analysis,3,3,1,Figure 1Flowchart of literature search.Detailed characteristics are summarised in Table 1,https://www.ncbi.nlm.nih.gov/pmc/articles/PMC13047349/
PMC13043416,10.3389/fphys.2026.1750821,Effects of neuromuscular warm-up on athletes’ change-of-direction performance and knee isokinetic muscle strength: a systematic review and meta-analysis,5,10,1,Figure 5).TABLE 3,https://www.ncbi.nlm.nih.gov/pmc/articles/PMC13043416/
PMC13045793,10.5334/gh.1545,Impact of Ambient Air Pollution on Cardiovascular Diseases in Low- and Lower-Middle-Income Countries: A Systematic Review and Meta-Analysis,2,2,2,Figure 1 and Table 1,https://www.ncbi.nlm.nih.gov/pmc/articles/PMC13045793/
PMC13044019,10.3389/fsurg.2026.1720765,When to use a tourniquet in primary total knee arthroplasty? A systematic review and meta-analysis,1,8,1,"Table 1, and the results of the quality assessment are summarized in Figure 2",https://www.ncbi.nlm.nih.gov/pmc/articles/PMC13044019/
PMC13044819,10.57264/cer-2025-0188,Lefamulin versus omadacycline for community acquired bacterial pneumonia: a systematic review and anchored indirect treatment comparison using moxifloxacin as the common comparator,2,8,2,Table 2. The flow chart of study selection is presented in Figure 1,https://www.ncbi.nlm.nih.gov/pmc/articles/PMC13044819/
PMC13045758,10.1002/vms3.70450,"Systematic Review and Meta-Analysis of the Prevalence, Species Distribution and Risk Factors of Eimeria spp. in Iranian Livestock",3,5,1,FIGURE 4Geographical distribution and prevalence of Eimeria spp. in Iranian livestock.TABLE 1,https://www.ncbi.nlm.nih.gov/pmc/articles/PMC13045758/
PMC13039015,10.3389/fmed.2026.1791765,Risk factors for postoperative nausea and vomiting after general anesthesia: a systematic review and meta-analysis,3,10,1,"Table 2). Patient-specific factors included female gender (OR, 2.39; I2 = 91.9%) (Figure 2",https://www.ncbi.nlm.nih.gov/pmc/articles/PMC13039015/
PMC13038994,10.3389/fmed.2026.1728478,Therapeutic efficacy and safety of injectable platelet-rich plasma in women with stress urinary incontinence: a systematic review and meta-analysis,2,3,1,Figure 1). The baseline characteristics of the included articles are available in Table 1,https://www.ncbi.nlm.nih.gov/pmc/articles/PMC13038994/
PMC13038560,10.3389/fendo.2026.1759703,Honey dressing for diabetic foot ulcers: a systematic review and meta-analysis of randomized controlled trials,3,5,2,Figure 1). The characteristics of the included studies are summarized in Table 1,https://www.ncbi.nlm.nih.gov/pmc/articles/PMC13038560/
PMC13040946,10.1186/s12890-026-04179-1,Efficacy of recombinant human GM-CSF compared to placebo for autoimmune pulmonary alveolar proteinosis: a systematic review and meta-analysis,1,10,1,table 1: Certainty of evidence. Supplementary file Figure 1,https://www.ncbi.nlm.nih.gov/pmc/articles/PMC13040946/
PMC13040641,10.1111/all.70183,A Systematic Review and Meta-Analysis on the Induction of Confirmed Eosinophilic Esophagitis as a Side Effect of Allergen Immunotherapy: An EAACI Task Force Report,3,7,1,"Figure 1), presents the screening and selection process. Table 1",https://www.ncbi.nlm.nih.gov/pmc/articles/PMC13040641/
PMC13035766,10.3389/fonc.2026.1741760,Incidence of severe immune-related adverse reactions in patients with HIV and cancer receiving immune checkpoint inhibitors: a systematic review and meta-analysis,1,9,1,Table 1.Figure 6,https://www.ncbi.nlm.nih.gov/pmc/articles/PMC13035766/
PMC13034566,10.3389/fnut.2026.1779491,Assessing the impact of Spirulina supplementation on the growth of children and adolescents: a systematic review and meta-analysis,1,2,1,Figure 2; Table 1,https://www.ncbi.nlm.nih.gov/pmc/articles/PMC13034566/
PMC13033507,10.3389/fimmu.2026.1736358,Age- and region-specific gut microbiota dysbiosis in axial spondyloarthritis: a systematic review and meta-analysis,3,6,1,Figure 3.Table 3,https://www.ncbi.nlm.nih.gov/pmc/articles/PMC13033507/
PMC13033212,10.7759/cureus.104364,Comparative Effectiveness of Chlorhexidine-Alcohol and Povidone-Iodine in Preventing Surgical Site Infections: A Systematic Review and Meta-Analysis,5,5,1,"Figure 5), Egger’s test (Table 2",https://www.ncbi.nlm.nih.gov/pmc/articles/PMC13033212/
PMC13031040,10.1016/j.hroo.2025.08.044,Safety and efficacy of leadless pacemakers: A systematic review and meta-analysis,1,7,1,Table 1.Figure 1,https://www.ncbi.nlm.nih.gov/pmc/articles/PMC13031040/
PMC13022589,10.3389/fimmu.2026.1661291,Efficacy and safety of six immunoadsorption treatments for severe lupus nephritis: a Bayesian network meta-analysis and systematic review,4,8,7,"Table 1, and the risk of bias assessment is shown in Figure 2",https://www.ncbi.nlm.nih.gov/pmc/articles/PMC13022589/
PMC13021596,10.3389/fphar.2026.1735987,Safety and efficacy of tirzepatide in transplant recipients: a systematic review and meta-analysis,4,9,2,Table 3; Figure 2,https://www.ncbi.nlm.nih.gov/pmc/articles/PMC13021596/
PMC13021678,10.3389/fpubh.2026.1751521,Electronic health records-related determinants of healthcare professionals' burnout and mitigation strategies: systematic review and meta-analysis,2,9,1,Figure 3). Detailed results of the quality evaluation are presented in Supplementary Table 3,https://www.ncbi.nlm.nih.gov/pmc/articles/PMC13021678/
PMC13029034,10.3390/ph19030417,"Advanced Medical Therapies for Perianal Fistulizing Crohn’s Disease: A Systematic Review of Clinical, Radiological, Surgical, and Composite Outcomes",5,3,1,Table 2 and visually illustrated in Figure 2,https://www.ncbi.nlm.nih.gov/pmc/articles/PMC13029034/
PMC13029179,10.3390/nu18060909,"Comparative Effects of Dietary Protein, Creatine, and Omega-3 Supplementation on Muscle Strength, Endurance, and Recovery in Trained Athletes: A Systematic Review and Network Meta-Analysis",4,7,1,"Figure 5 and Figure 6, Table 2",https://www.ncbi.nlm.nih.gov/pmc/articles/PMC13029179/
PMC13028934,10.3390/nu18060890,Effects of Nicotinamide Mononucleotide Supplementation on Blood Pressure: A Systematic Review and Meta-Analysis of Randomized Controlled Trials,2,4,1,Figure 1.3.2. Study CharacteristicsTable 1,https://www.ncbi.nlm.nih.gov/pmc/articles/PMC13028934/
PMC13027306,10.3390/ijerph23030397,Association Between ACE (I/D) Polymorphism and Essential Hypertension (EH): An Updated Systematic Review and Meta-Analysis,4,6,1,Table 3). Forest plots of meta-analyses under each model are presented in Figure 2,https://www.ncbi.nlm.nih.gov/pmc/articles/PMC13027306/
PMC13062867,10.21037/gs-2025-1-577,Suitability of 3D scanning as a screening tool for reduction mammoplasty referrals for plastic surgery—a pilot study,4,5,1,"Table 3). Thus, the relationship between the volumes was not necessarily linear (Figure 2",https://www.ncbi.nlm.nih.gov/pmc/articles/PMC13062867/
PMC13064569,10.1080/23723556.2026.2652613,mRNA vaccines in oncology: personalized cancer immunization and neoantigen targeting,2,2,1,Figure 2).20Table 1,https://www.ncbi.nlm.nih.gov/pmc/articles/PMC13064569/
PMC13061661,10.3389/fendo.2026.1803735,Association between abdominal muscle mass measured by dual-source computed tomography and coronary artery calcification in patients with Type 2 diabetes mellitus,3,7,2,Figure 1).The demographic and clinical characteristics of the participants are shown in Table 1,https://www.ncbi.nlm.nih.gov/pmc/articles/PMC13061661/
PMC13061667,10.3389/fonc.2026.1764483,Summary of the best evidence for the prevention and management of postoperative tracheostomy complications in laryngeal cancer patients,6,3,1,"Figure 2, and the basic characteristics of the included studies are shown in Table 1",https://www.ncbi.nlm.nih.gov/pmc/articles/PMC13061667/
PMC13061657,10.3389/fcvm.2026.1757625,The “sentinel stroke”: catheter ablation outcomes in patients with atrial fibrillation detected after stroke,3,3,1,Table 3).Figure 2,https://www.ncbi.nlm.nih.gov/pmc/articles/PMC13061657/
PMC13065288,10.1177/23259671261431840,Safety and Efficacy of Intra-articular Cell-Free Fat Extract Injection in Patients With Symptomatic Knee Osteoarthritis,3,3,2,Figure 2 and Table 2,https://www.ncbi.nlm.nih.gov/pmc/articles/PMC13065288/
PMC13026895,10.3390/jcm15062367,Prognostic Impact and Postoperative Management Following Poor Pathological Response to Perioperative FLOT in Resectable Gastric and GEJ Adenocarcinoma: A Systematic Review and Meta-Analysis,7,8,3,Table 2; Figure 3,https://www.ncbi.nlm.nih.gov/pmc/articles/PMC13026895/
PMC13024793,10.3390/cancers18060939,Implementation of Synoptic Reports in Enhancing Documentation Practices in Pediatric Surgical Oncology: A Systematic Review,2,3,1,"Table 2, Figure 2",https://www.ncbi.nlm.nih.gov/pmc/articles/PMC13024793/
PMC13027360,10.3390/ijms27062594,Preeclampsia Genomic Susceptibility Factors in Populations of African Ancestry: A Systematic Review and Meta-Analysis,2,5,2,Table 2. Figure 2,https://www.ncbi.nlm.nih.gov/pmc/articles/PMC13027360/
PMC13026222,10.3390/jcm15062254,Chemotherapy for Older Adults with Locally Advanced or Metastatic Pancreatic Ductal Adenocarcinoma: A Systematic Review and Meta-Analysis,2,5,7,Figure 2; Table 2,https://www.ncbi.nlm.nih.gov/pmc/articles/PMC13026222/
PMC13025119,10.3390/clinpract16030052,Fall Prevention Interventions and Fracture Risk in Community-Dwelling Older Adults: A Systematic Review and Meta-Analysis,5,4,1,Figure 1).Table 1,https://www.ncbi.nlm.nih.gov/pmc/articles/PMC13025119/
PMC13058783,10.1111/jgh.70318,Immune Checkpoint Inhibitor–Based Adjuvant Treatment Versus Surveillance in Curatively Treated Hepatocellular Carcinoma: a Systematic Review and Meta-Analysis,2,5,1,"Figure 3d).3.4OSAmong the studies, 15 studies reported OS data (Table 1",https://www.ncbi.nlm.nih.gov/pmc/articles/PMC13058783/
PMC13058733,10.1183/16000617.0254-2025,Association between inhaled corticosteroids and risk of cardiovascular mortality in patients with COPD: a systematic review and meta-analysis,3,3,4,table 1.FIGURE 1,https://www.ncbi.nlm.nih.gov/pmc/articles/PMC13058733/
PMC13062642,10.1111/1753-0407.70226,The Role of Negative Pressure Therapy in Diabetic Foot Ulcer: A Meta-Analysis,1,10,1,FIGURE 1PRISMA flow diagram illustrating the study selection process.TABLE 1,https://www.ncbi.nlm.nih.gov/pmc/articles/PMC13062642/
PMC13057487,10.3389/fimmu.2026.1717413,NK cell adoptive transfer in acute myeloid leukemia: a systematic review and meta-analysis,4,4,2,"Table 3). Pooled 1-y DFS was 82% (95% CI 56-100), with 0% heterogeneity (Figure 3",https://www.ncbi.nlm.nih.gov/pmc/articles/PMC13057487/
PMC13056856,10.3389/fphys.2026.1782774,Dance versus other exercise modalities in mild cognitive impairment and dementia: comparative efficacy from a systematic review and bayesian network meta-analysis,2,5,1,Table 2; inconsistency test results are presented in Supplementary Table S9).FIGURE 4,https://www.ncbi.nlm.nih.gov/pmc/articles/PMC13056856/
PMC13059460,10.25122/jml-2025-0140,"Efficacy of androgen deprivation therapy (ADT) in combination with radiation therapy, compared to ADT alone in patients with high-risk prostate cancer: an updated systematic review and meta-analysis",2,3,1,Figure 1).Table 2,https://www.ncbi.nlm.nih.gov/pmc/articles/PMC13059460/
PMC13055519,10.3389/fimmu.2026.1780636,Efficacy and safety of anlotinib combined with PD-1/PD-L1 inhibitors in malignant solid tumors: a meta-analysis and network meta-analysis,2,6,2,Table 1).Figure 1,https://www.ncbi.nlm.nih.gov/pmc/articles/PMC13055519/
PMC13056668,10.3389/fphys.2026.1773901,"Effects of six different exercise therapies on sleep indices, cardiopulmonary endurance, and body composition in patients with sleep-related breathing disorders: network meta-analysis of 40 RCTs",4,6,3,"Table 3, Figure 5",https://www.ncbi.nlm.nih.gov/pmc/articles/PMC13056668/
PMC13053986,10.1016/j.jacadv.2026.102667,Health Literacy Interventions and Outcomes in Patients With Atrial Fibrillation,1,8,1,"Table 1, Figure 2",https://www.ncbi.nlm.nih.gov/pmc/articles/PMC13053986/
PMC13054109,10.1002/pan.70157,The Analgesic Effect of Extended Reality (XR) on Acute and Postoperative Pain in Children: A Systematic Review and Meta-Analysis,2,1,1,Table 1.FIGURE 1,https://www.ncbi.nlm.nih.gov/pmc/articles/PMC13054109/
PMC13054443,10.1002/art.43446,Exposure to Occupational Inhalants and the Risk of Developing Rheumatoid Arthritis: A Systematic Review and Meta-Analysis,2,4,2,"Figure 3 and 4, Supplementary Table 4",https://www.ncbi.nlm.nih.gov/pmc/articles/PMC13054443/
PMC13052333,10.1002/jcsm.70276,"Effects of Nandrolone Decanoate on Muscle Strength, Body Composition and Bone Density: A Systematic Review and Meta-Analysis",1,4,1,Table 1.FIGURE 1,https://www.ncbi.nlm.nih.gov/pmc/articles/PMC13052333/
PMC13055710,10.1161/JAHA.125.045616,Echocardiographic Indices of Cardiac Remodeling Following Transcatheter Edge-to-Edge Repair for Secondary Mitral Regurgitation: A Systematic Review and Meta-Analysis,2,4,1,Figure 4A and 4B). These findings were confirmed by the Bayesian analysis (Table 2,https://www.ncbi.nlm.nih.gov/pmc/articles/PMC13055710/
PMC13055774,10.1161/JAHA.125.043006,Association of Off-Hour Admission With Treatment Delay and Unfavorable Outcomes in Patients With Stroke: A Systematic Review and Meta-Analysis,2,5,1,Table 2).Figure 4,https://www.ncbi.nlm.nih.gov/pmc/articles/PMC13055774/
PMC13051202,10.1111/jvh.70175,Meta-Analysis of Genetic Variants Associated With HBV Infection Susceptibility and Hepatocellular Carcinoma Risk,4,3,2,Table 2; Figure 2,https://www.ncbi.nlm.nih.gov/pmc/articles/PMC13051202/
PMC13051036,10.1111/aej.70042,Preoperative Periapical Status and Outcomes of Vital Pulp Therapy: A Systematic Review and Meta-Analysis,2,2,1,"Table 1, Figure 1",https://www.ncbi.nlm.nih.gov/pmc/articles/PMC13051036/
PMC13051456,10.1111/clr.70090,Diagnostic Accuracy of Deep Learning Models in Detecting Peri-Implant Marginal Bone Loss: A Systematic Review and Meta-Analysis,4,7,2,Table 3). No additional studies were identified through hand searching.FIGURE 1,https://www.ncbi.nlm.nih.gov/pmc/articles/PMC13051456/
PMC12685696,10.1177/01410768251395877,"The concentration-dependent protective effects by new generation hypoglycemic agents on delirium, depression, dementia and coma: evidence from a network meta-analysis",1,3,6,Table 1).Figure 2,https://www.ncbi.nlm.nih.gov/pmc/articles/PMC12685696/
PMC13050388,10.1111/idh.70003,The Effect of Diabetes on Outcomes of Non-Surgical Periodontal Therapy: A Systematic Review With a Meta-Analysis and Trial Sequential Analysis,4,2,1,Table 2.FIGURE 1,https://www.ncbi.nlm.nih.gov/pmc/articles/PMC13050388/
PMC13049327,10.1177/03000605261431610,Factors influencing malnutrition in critically ill patients: A systematic review and meta-analysis,3,1,2,Figure 1. The basic characteristics of all included studies are summarized in Table 1,https://www.ncbi.nlm.nih.gov/pmc/articles/PMC13049327/
PMC13045473,10.1002/pchj.70094,"Transdiagnostic Comparison of Anticipated Hedonic Deficits: A Three-Level Meta-Analysis Across Schizophrenia, Depression, and Their Subclinical Individuals",1,4,1,FIGURE 1Flow diagram of study selection process.TABLE 1,https://www.ncbi.nlm.nih.gov/pmc/articles/PMC13045473/
PMC13043389,10.3389/fpubh.2026.1767300,"Effect of mind–body therapies on anxiety, depression and sleep quality in college students: a network meta-analysis",3,4,2,"Figure 3, and the league table summarizing pairwise comparisons is shown in Table 2",https://www.ncbi.nlm.nih.gov/pmc/articles/PMC13043389/
PMC13044032,10.3389/fmed.2026.1789371,"Comparative effects of weight-loss diet, exercise training, respiratory muscle training, and oropharyngeal muscle training in obstructive sleep apnea: a systematic review and network meta-analysis",2,5,1,"Table 2, Appendix 8.Figure 3",https://www.ncbi.nlm.nih.gov/pmc/articles/PMC13044032/
PMC13045178,10.1080/22221751.2026.2648885,High pathogenicity of human adenovirus type 55 in adult males: a meta-analysis and phylogenetic study of HAdV-55 epidemics worldwide over the past six decades,1,6,3,"Figure 1, Supplementary Table 1",https://www.ncbi.nlm.nih.gov/pmc/articles/PMC13045178/
PMC13039066,10.1177/25424823261424508,Comprehensive and stratified meta-analysis of diffusion tensor image analysis along the perivascular space in Alzheimer's disease: Linking glymphatic dysfunction with cognitive decline and amyloid pathology,1,7,1,Figure 1.Figure 1.PRISMA flowchart.Study characteristicsTable 1,https://www.ncbi.nlm.nih.gov/pmc/articles/PMC13039066/
PMC13043326,10.1111/jne.70176,The lesser the better? A systematic review and meta-analysis of resection strategy in lung neuroendocrine tumors,2,5,1,Table 1. Assessment of risk of bias is detailed in Table S3.FIGURE 1,https://www.ncbi.nlm.nih.gov/pmc/articles/PMC13043326/
PMC13044381,10.1002/jts.70040,The impact of yoga on posttraumatic stress disorder symptom clusters: A systematic review and meta-analysis of randomized controlled trials,3,2,2,"Table 1; NIH, 201).FIGURE 2",https://www.ncbi.nlm.nih.gov/pmc/articles/PMC13044381/
PMC13038561,10.3389/fneur.2026.1764104,Effects of multiple acupuncture therapies on cognitive function and quality of life in stroke patients: a systematic review and network meta-analysis,5,8,1,"Table 2 synthesizes the essential characteristics of the included investigations, and Figure 1",https://www.ncbi.nlm.nih.gov/pmc/articles/PMC13038561/
PMC13039041,10.1177/25424823261422205,Network meta-analysis of the efficacy of nine drugs for cognitive function in patients with Alzheimer's disease,1,7,2,"Figure 1, Supplemental Table 1",https://www.ncbi.nlm.nih.gov/pmc/articles/PMC13039041/
PMC13044573,10.1002/sim.70510,Bayesian Hierarchical Models With Calibrated Mixtures of g-priors for Assessing Treatment Effect Moderation in Meta-Analysis,3,4,1,Table 2 and Figure 4,https://www.ncbi.nlm.nih.gov/pmc/articles/PMC13044573/
PMC13043137,10.1111/ele.70382,Artificial Light at Night Consistently Impacts Avian Physiology and Behaviour: A Meta-Analysis,4,4,15,Table 3; Figure 2,https://www.ncbi.nlm.nih.gov/pmc/articles/PMC13043137/
PMC13065263,10.1177/23259582261442282,"Depressive Symptoms and Clinical and Nutritional Outcomes among Adults Living with HIV Initiating Antiretroviral Therapy in Dar es Salaam, Tanzania",4,1,1,Figure 1.Participant flow chart.Table 1,https://www.ncbi.nlm.nih.gov/pmc/articles/PMC13065263/
PMC13063102,10.1002/cpp.70268,The Change in Trait Resilience Predicts the Alleviation of Transdiagnostic Depressive Symptoms in Outpatient Adolescents: The Mediating Role of the Change in Psychological Inflexibility/Experiential Avoidance,4,1,1,Table 4; Figure 1,https://www.ncbi.nlm.nih.gov/pmc/articles/PMC13063102/
PMC13062464,10.1177/0272989X251413276,Operationalizing and Measuring Informed Choice in Health Care: An Umbrella Review,13,1,1,Table 4.Figure 1,https://www.ncbi.nlm.nih.gov/pmc/articles/PMC13062464/
PMC13063235,10.14744/tjtes.2025.60209,The effect of blood urea nitrogen (BUN)/albumin ratio in evaluating mortality in pediatric burn patients with 20% or greater total body surface area involvement,4,1,1,"Table 3, Figure 1",https://www.ncbi.nlm.nih.gov/pmc/articles/PMC13063235/
PMC13062638,10.1002/mco2.70730,"Multimodal Deep Learning for Pulmonary Nodule Detection on Chest Radiography in High-Risk Adults, With Secondary Validation for All-Cause and Cause-Specific Mortality Prediction: A Multicenter Cohort Study",3,3,1,Table 3 and Figure 2,https://www.ncbi.nlm.nih.gov/pmc/articles/PMC13062638/
PMC13061722,10.3389/fendo.2026.1730768,A detailed review of pharmacokinetics/pharmacodynamics of progestogens in oral contraception,5,4,1,Table 1). The structure of testosterone is shown in Figure 1,https://www.ncbi.nlm.nih.gov/pmc/articles/PMC13061722/
PMC13062212,10.3389/fnut.2026.1679067,Using 6S-5-methyltetrahydrofolate instead of folic acid in prenatal multivitamin reduces unmetabolized folic acid concentrations in the mother-fetus dyad: a 24-week randomized controlled trial,5,1,1,Table 1).Figure 1,https://www.ncbi.nlm.nih.gov/pmc/articles/PMC13062212/
PMC13061678,10.3389/fendo.2026.1787458,The expanding landscape of adipokines: emerging roles of PAI-1 and vaspin in cardiometabolic diseases,2,5,1,Table 2.Figure 4,https://www.ncbi.nlm.nih.gov/pmc/articles/PMC13061678/
PMC13062285,10.3389/fimmu.2026.1756139,High baseline CD317 expression on T cells predicts favorable anifrolumab response in systemic lupus erythematosus,2,5,4,"Table 1), indicating that they had comparable baseline clinical characteristics.Figure 2",https://www.ncbi.nlm.nih.gov/pmc/articles/PMC13062285/
PMC13062287,10.1155/grp/5587248,A Review on the Progress and Strategies of Helicobacter pylori Eradication Therapy for Patients With Penicillin Allergy,4,1,1,Figure 1Flow of literature search.Table 2,https://www.ncbi.nlm.nih.gov/pmc/articles/PMC13062287/
PMC13062209,10.13107/jocr.2026.v16.i04.7158,Comparing Locking Compression Plate and Retrograde Nail in the management of distal femur fracture: A Comprehensive Analysis,6,5,2,Table 2).Figure 1,https://www.ncbi.nlm.nih.gov/pmc/articles/PMC13062209/
PMC13064541,10.3389/fendo.2026.1770560,Clinical characteristics and individualized treatment strategies for children with type 1 diabetes and exogenous insulin antibody syndrome: a retrospective case series and literature review,4,3,1,"Table 2, and the glycemic outcomes are illustrated in Figure 2",https://www.ncbi.nlm.nih.gov/pmc/articles/PMC13064541/
PMC13062230,10.3389/fmed.2026.1762454,The effect of elastic-band resistance training on fecal microbiota and derived metabolites of aged individuals with possible sarcopenia,5,7,1,Figure 5; Table 3,https://www.ncbi.nlm.nih.gov/pmc/articles/PMC13062230/
PMC13064533,10.1093/fampra/cmag015,Performance of the Dutch Triage standard in managing fever in children in out-of-hours primary care: a secondary analysis of the chili study,1,3,1,Table 1.Figure 1,https://www.ncbi.nlm.nih.gov/pmc/articles/PMC13064533/
PMC13063389,10.1155/mi/5466012,Genetic Correlations and Causal Relationships Among Allergic Diseases: A Comprehensive Mendelian Randomization Study With Multiomic Mediation Analysis,6,29,4,Table 3 and Figure 5,https://www.ncbi.nlm.nih.gov/pmc/articles/PMC13063389/
PMC13063578,10.3389/fpsyg.2026.1802417,Widening access to perinatal mental health group interventions: learning from a trial of the Circle of Security-Parenting programme in England,2,2,1,Figure 1; Table 1,https://www.ncbi.nlm.nih.gov/pmc/articles/PMC13063578/
PMC13062743,10.2196/74147,Social Networks and Their Influence on the Choice of Unassisted Smoking Cessation: Cross-Sectional Study in Six Cities in China,3,3,1,Figure 3.Table 3,https://www.ncbi.nlm.nih.gov/pmc/articles/PMC13062743/
PMC13061734,10.3389/fendo.2026.1746993,KunTai capsules combined with Femoston in premature ovarian insufficiency: a randomized controlled trial of the effects on bone mineral density,7,2,2,"Table 5, Supplementary Figure 1",https://www.ncbi.nlm.nih.gov/pmc/articles/PMC13061734/
PMC13063006,10.21037/jss-25-134,Disease-modifying anti-rheumatic drugs are associated with increased readmission and reoperation rates following anterior cervical discectomy and fusion: a propensity-matched cohort study,6,5,1,Table 5 and further supported by the Kaplan-Meier survival curves presented in Figure 2,https://www.ncbi.nlm.nih.gov/pmc/articles/PMC13063006/
PMC13062327,10.3389/fnut.2026.1764109,Maternal probiotic supplementation and offspring health: an umbrella review with re-analysis of systematic reviews and meta-analyses,4,4,1,Table 3).Figure 3,https://www.ncbi.nlm.nih.gov/pmc/articles/PMC13062327/
PMC13061288,10.2196/72498,Navigating Virtual Reality in Stroke Rehabilitation: Scoping Review of Diverse Intervention Effects,4,3,1,Table 4.Figure 3,https://www.ncbi.nlm.nih.gov/pmc/articles/PMC13061288/
PMC13065386,10.20463/pan.2026.0002,Effects of a 3D motion recognition-based virtual training system on balance and gait performance in older adults,4,1,1,Figure 1c).Changes in Gait Function after 8 Weeks of TrainingTable 4,https://www.ncbi.nlm.nih.gov/pmc/articles/PMC13065386/
PMC13064961,10.2196/79898,Family Engagement in a Digital Intervention Targeting Risk for Anxiety in Parent-Child Dyads: Mixed Methods Study,3,1,1,Figure 1).Table 1,https://www.ncbi.nlm.nih.gov/pmc/articles/PMC13064961/
PMC13057404,10.1155/tswj/2446967,Effects of Snake Fruit–Infused Massage Oil With Traditional Thai Massage on Skin Quality: A Randomized Controlled Trial,2,6,6,Figure 1).TABLE 1,https://www.ncbi.nlm.nih.gov/pmc/articles/PMC13057404/
PMC13058764,10.1001/jamanetworkopen.2026.5110,Residential Therapy With Navigated Transcranial Magnetic Stimulation for Combat-Related PTSD,3,2,1,"Table 3. For PCL-5 scores, modeling from baseline to end of treatment (Figure 2",https://www.ncbi.nlm.nih.gov/pmc/articles/PMC13058764/
PMC13058571,10.1002/acr2.90029,How Do Open-Ended Interview and Closed-Ended Questionnaire Responses Compare? A Matched Mixed-Methods Study Examining Treatment Attitudes of Patients With Meniscal Tear and Persistent Pain,2,2,2,Figure 2; Table 2,https://www.ncbi.nlm.nih.gov/pmc/articles/PMC13058571/
PMC13062934,10.14814/phy2.70845,Models of the human heart for biomedical research: Opportunities and challenges,1,3,1,"Figure 1 (Tsang et al., 2016; van der Velden et al., 2022; Zaragoza et al., 2011).TABLE 1",https://www.ncbi.nlm.nih.gov/pmc/articles/PMC13062934/
PMC13056471,10.1111/os.70285,Anterior Cervical Discectomy and Fusion Modulates Inflammatory Factors and Pain Mediators in Cervical Disc Herniation With Neurogenic Pain,6,5,4,"Table 3, Figure 1",https://www.ncbi.nlm.nih.gov/pmc/articles/PMC13056471/
PMC13056496,10.1111/os.70284,Efficacy of Percutaneous Kyphoplasty in the Treatment of Kümmell's Disease and Osteoporotic Vertebral Compression Fractures: A Clinical Comparative Study,5,5,2,Table 2.FIGURE 4,https://www.ncbi.nlm.nih.gov/pmc/articles/PMC13056496/
PMC13061908,10.1038/s41598-026-42241-4,Metabolomics of mouth-rinsed water for assessing psychophysiological stress in office workers,4,5,1,Table 4 (top performers) and Table S10 (full results). Figure 4,https://www.ncbi.nlm.nih.gov/pmc/articles/PMC13061908/
PMC13062119,10.1038/s41598-026-46514-w,Montelukast attenuates diclofenac sodium-induced cardiotoxicity in male rats via targeting Wnt/β-catenin pathway,1,8,1,Table 1) and as shown in panels G and H (Figure 8,https://www.ncbi.nlm.nih.gov/pmc/articles/PMC13062119/
PMC13064558,10.1080/14796694.2026.2644463,AGMT mCRC Registry Third-Line and Beyond: a multicentric real-world platform with integrated imaging and biosample database for later-line metastatic colorectal cancer,1,1,1,"Figure 1, Table 1",https://www.ncbi.nlm.nih.gov/pmc/articles/PMC13064558/
PMC13063232,10.14744/tjtes.2026.94745,The role of the C-reactive protein to lymphocyte ratio in the diagnosis of complicated acute appendicitis,4,1,1,Table 3 and Figure 1,https://www.ncbi.nlm.nih.gov/pmc/articles/PMC13063232/
PMC13065314,10.4103/aja202545,Integrated subcellular localization of functional fluorescence probes and functional analysis in motile spermatozoa by an AI-enhanced algorithm,1,4,1,"Figure 4b), including the fluorescence area and the average fluorescence intensity (Table 1",https://www.ncbi.nlm.nih.gov/pmc/articles/PMC13065314/
PMC13065406,10.4046/trd.2025.0160,Tweaking the Complex Fibrogenic Role of Lymphocytes in Idiopathic Pulmonary Fibrosis,2,2,1,Table 2 and Figure 1,https://www.ncbi.nlm.nih.gov/pmc/articles/PMC13065406/
PMC13065258,10.7759/cureus.104958,Long-Term Survival Achieved by Combined Surgical Resection and Immunotherapy for Recurrent Adrenal Oligometastasis of Lung Adenocarcinoma: A Case Study,1,3,1,Table 1).Figure 2,https://www.ncbi.nlm.nih.gov/pmc/articles/PMC13065258/
PMC13061714,10.3389/fphar.2026.1741870,Risk factors for hypoglycemia in hospitalized patients with diabetes: a retrospective analysis of electronic medical record data,4,4,1,Table 1).FIGURE 1,https://www.ncbi.nlm.nih.gov/pmc/articles/PMC13061714/
PMC13062819,10.21037/acr-2025-287,Successful treatment of carbapenem-resistant Acinetobacter baumannii and Enterobacterales coinfection with sulbactam-durlobactam combined with aztreonam: a case report,1,4,1,Figure 2.Table 1,https://www.ncbi.nlm.nih.gov/pmc/articles/PMC13062819/
PMC13061717,10.3389/fonc.2026.1799378,Shaping next decade of systemic therapy for head and neck squamous cell carcinoma: where do we go next?,4,3,2,Table 2 and Figure 2,https://www.ncbi.nlm.nih.gov/pmc/articles/PMC13061717/
PMC13062232,10.3389/fbioe.2026.1794850,Cancer metastasis in vitro models – can 3D biofabrication and microfluidics sow the seeds in the right soil,1,4,1,Figure 4) are described in the following section and summarised in Table 1,https://www.ncbi.nlm.nih.gov/pmc/articles/PMC13062232/
PMC13058739,10.1183/16000617.0227-2025,Immunological mechanisms and therapeutic approaches in pulmonary fibrosis,1,4,1,figure 3 and table 1,https://www.ncbi.nlm.nih.gov/pmc/articles/PMC13058739/
PMC13060002,10.1002/jmv.70918,Prognostic Value of Admission Glucose and Extended Lipid Profile in Patients with Crimean-Congo Hemorrhagic Fever,4,4,1,"Table 4, Figure 1",https://www.ncbi.nlm.nih.gov/pmc/articles/PMC13060002/
PMC13058877,10.1002/ajhb.70255,"Recalled Adverse Childhood Experiences Predict Behavioral Traits Associated With an Accelerated Life History in Cebu, Philippines",3,4,1,Figure 3a–c) or in males (Table 2,https://www.ncbi.nlm.nih.gov/pmc/articles/PMC13058877/
PMC13063079,10.1001/jamanetworkopen.2026.5683,"Neurodevelopmental Diagnoses Before, During, and After the COVID-19 Pandemic",3,1,2,Table 3 and eFigure 2,https://www.ncbi.nlm.nih.gov/pmc/articles/PMC13063079/
PMC13057522,10.3389/fmed.2026.1790140,From regeneration to immunomodulation: a 20-year global bibliometric analysis of platelet-rich plasma for osteoarthritis,4,7,2,Figure 5a and Table 2,https://www.ncbi.nlm.nih.gov/pmc/articles/PMC13057522/
PMC13053265,10.3389/fendo.2026.1740628,"Relationship between vitamin D and surrogate parameters (leukocyte telomerase length, telomerase activity), and genes (ACTN3, FOXO3A, VDR, SIRT1, MSTN) for ageing in Asian Indian with prediabetes",4,4,2,"Table 2, 3; Figure 3",https://www.ncbi.nlm.nih.gov/pmc/articles/PMC13053265/
PMC13056842,10.3389/fonc.2026.1730277,Effect of sugammadex on postoperative pulmonary complications in patients undergoing video-assisted thoracoscopic lung surgery,2,6,4,Table 1.Figure 2,https://www.ncbi.nlm.nih.gov/pmc/articles/PMC13056842/
PMC13056648,10.3389/fneur.2026.1723901,Effects of noninvasive brain stimulation in the treatment of poststroke depression: an overview of systematic reviews,5,3,3,Figure 2. An overview of the PRISMA assessment is presented in Table 3,https://www.ncbi.nlm.nih.gov/pmc/articles/PMC13056648/
PMC13056663,10.3389/fonc.2026.1795575,Global hotspots and trends in the application of neoadjuvant therapy for gastric cancer: a bibliometric analysis,6,7,6,Figure 3A). Table 1,https://www.ncbi.nlm.nih.gov/pmc/articles/PMC13056663/
PMC13054623,10.1001/jamanetworkopen.2026.5187,"Factors Associated With Rising Homelessness Within US States, 2019 to 2024",3,2,2,Figure 1).Table 1,https://www.ncbi.nlm.nih.gov/pmc/articles/PMC13054623/
PMC13055612,10.3389/fpubh.2026.1757793,"Growth, development, and health status of primary school students in Binzhou city: an analysis based on health examination data for 6-12-Year-olds",1,3,1,"Table 1, Figure 1",https://www.ncbi.nlm.nih.gov/pmc/articles/PMC13055612/
PMC13053267,10.3389/fimmu.2026.1804276,Development and validation of an interpretable machine learning model for predicting medium-to-giant coronary aneurysms in Kawasaki disease,2,6,2,Table 3.3.2Baseline characteristicsThe patient selection process is depicted in Figure 1,https://www.ncbi.nlm.nih.gov/pmc/articles/PMC13053267/
PMC13055560,10.3389/fpubh.2026.1722038,Changes in pediatric unintentional injury hospitalizations before and after the COVID-19 pandemic: a retrospective analysis,5,5,1,"Table 1, 3; Figure 5",https://www.ncbi.nlm.nih.gov/pmc/articles/PMC13055560/
PMC13051266,10.3389/fendo.2026.1746570,External validation and application of a machine learning–based model for diabetes progression in prediabetes,1,4,2,Table 1).Figure 1,https://www.ncbi.nlm.nih.gov/pmc/articles/PMC13051266/
PMC13050746,10.3389/fendo.2026.1760749,Single-center experience description of surgical management of diffuse congenital hyperinsulinism in a pediatric non-current cohort,4,4,1,Table 2).Figure 1,https://www.ncbi.nlm.nih.gov/pmc/articles/PMC13050746/
PMC13055449,10.1161/JAHA.124.039035,"Stroke, Small-Vessel Disease, and Occupation: Systematic Review and Data Analysis",4,2,3,Table 2; Figure 2,https://www.ncbi.nlm.nih.gov/pmc/articles/PMC13055449/
PMC13052111,10.1002/cns.70865,Efficacy and Safety of Zonisamide Addition in Children With Developmental Epileptic Encephalopathy/Epileptic Encephalopathy: A Real-World Study,1,5,1,"Table 1, Figure 2",https://www.ncbi.nlm.nih.gov/pmc/articles/PMC13052111/
PMC13051615,10.1080/19490976.2026.2651984,Human fecal transplantation from stunted children promotes metabolic dysfunction in mice fed with a high-fat and high-fructose corn syrup diet,2,12,3,Table 5; Figure 3,https://www.ncbi.nlm.nih.gov/pmc/articles/PMC13051615/
PMC13047086,10.3389/fpubh.2026.1725144,"Health literacy correlates, barriers, and adherence in post-prostatectomy sexual rehabilitation: cross-sectional findings from China",8,3,5,Table 5 and Figure 1,https://www.ncbi.nlm.nih.gov/pmc/articles/PMC13047086/
PMC13048880,10.1002/ajpa.70241,Cortical Bone Loss in Barcelona Across Time (1st Century CE–18th Century CE) and Its Potential Relationship With Linear Enamel Hypoplasia,9,4,3,Table 8). Figure 4,https://www.ncbi.nlm.nih.gov/pmc/articles/PMC13048880/
PMC13044105,10.3389/fmed.2026.1788254,Construction and validation of a machine learning-based prediction model for 48-hour reintubation risk in mechanically ventilated patients,2,8,1,Figure 4 and Table 2,https://www.ncbi.nlm.nih.gov/pmc/articles/PMC13044105/
PMC13043400,10.3389/fnut.2026.1769746,A low-cost bedside nomogram integrating TSF and pain for predicting severe malnutrition in nasopharyngeal carcinoma: a prospective cohort study,6,8,2,Table 5; Figure 4,https://www.ncbi.nlm.nih.gov/pmc/articles/PMC13043400/
PMC13046701,10.1007/s00210-025-04518-9,Pharmacological topics of interest for young people: misinformation on TikTok is common,8,13,1,Figure 1 provides an overview of the methodological procedure. Table 1,https://www.ncbi.nlm.nih.gov/pmc/articles/PMC13046701/
PMC13047462,10.1001/jamanetworkopen.2026.4788,Match Rates Between Home Health Assessment and Medicare Claims Data,2,3,2,Figure 1; eTable 1,https://www.ncbi.nlm.nih.gov/pmc/articles/PMC13047462/
PMC13044126,10.3389/fcimb.2026.1771620,Association of glucose–lymphocyte ratio and short-term mortality in patients with sepsis complicated by ARDS during the acute phase: a multicenter retrospective cohort study,4,7,2,Figure 6.Table 1,https://www.ncbi.nlm.nih.gov/pmc/articles/PMC13044126/
PMC13044084,10.3389/fpubh.2026.1773556,Resource use and economic burden of respiratory syncytial virus among older adults in real-world clinical practice across five European countries,2,2,1,Table 2; Figure 1,https://www.ncbi.nlm.nih.gov/pmc/articles/PMC13044084/
PMC13038553,10.3389/fmed.2026.1782986,Bibliometric analysis of stereotactic ablative radiotherapy for oligometastases,6,5,3,Figure 5). As shown in Table 5,https://www.ncbi.nlm.nih.gov/pmc/articles/PMC13038553/
PMC13044151,10.3389/fcimb.2026.1777431,Construction of a risk prediction model for premature rupture of membranes based on vaginal microecology and systemic inflammation: a prospective cohort study,7,3,2,Table 4; Figure 2,https://www.ncbi.nlm.nih.gov/pmc/articles/PMC13044151/
PMC13039050,10.3389/fpubh.2026.1673763,"Ambient fine-particulate air pollution associates with short sleep duration among 2,082 community-dwelling older adults: findings from a large-scale questionnaire survey",8,2,2,Table 3 and Figure 1,https://www.ncbi.nlm.nih.gov/pmc/articles/PMC13039050/
PMC13038614,10.3389/fimmu.2026.1783946,A multicenter retrospective cohort study on the efficacy and safety of mycophenolate mofetil plus hydroxychloroquine therapy in IgA nephropathy,2,4,2,Table 1).Figure 1,https://www.ncbi.nlm.nih.gov/pmc/articles/PMC13038614/
PMC13038974,10.3389/fpubh.2026.1773455,Cost-effectiveness of integrative oncology for sustainable and patient-centred cancer care: a systematic review in the context of the WHO global traditional medicine strategy 2025–2034,3,4,2,Table 3 and Figure 2,https://www.ncbi.nlm.nih.gov/pmc/articles/PMC13038974/
PMC13038909,10.3389/fimmu.2026.1745048,"Dual effects of JAK vs TNF inhibitors on osteoporosis, fractures and mortality in rheumatoid arthritis: a real-world cohort study",4,3,1,Figure 3).Table 2,https://www.ncbi.nlm.nih.gov/pmc/articles/PMC13038909/
PMC13040572,10.1080/0886022X.2026.2650257,Incremental peritoneal dialysis preserves residual renal function in diabetic end-stage kidney disease,4,4,1,Table 1).Figure 4,https://www.ncbi.nlm.nih.gov/pmc/articles/PMC13040572/
PMC13038550,10.3389/fstro.2026.1679668,Impact of left vs. right hemisphere stroke on driving: lateralized attention deficits and executive dysfunction linked to impaired driving,2,5,1,"Table 2, and left panel, Figure 4",https://www.ncbi.nlm.nih.gov/pmc/articles/PMC13038550/
PMC13038525,10.3389/fendo.2026.1722379,A drop in serum estradiol levels during GnRH antagonist cotreatment in cycles stimulated with gonadotropins is associated with lower cumulative live birth rates,2,4,2,Table 1.Figure 1,https://www.ncbi.nlm.nih.gov/pmc/articles/PMC13038525/
PMC13042893,10.1002/advs.202512589,PTG-Dependent Glycogen Metabolic Dysfunction Drives Impaired Adipose Browning: A Novel Mechanism Linking PM2.5 to Metabolic Disorders,1,8,1,Figure 1B). Table 1,https://www.ncbi.nlm.nih.gov/pmc/articles/PMC13042893/
PMC13036471,10.3389/fmed.2026.1761997,ED90 of intravenous remimazolam for alleviating preoperative anxiety in children: a prospective dose-finding study,2,3,2,Figure 1). Demographic data are shown in Table 1,https://www.ncbi.nlm.nih.gov/pmc/articles/PMC13036471/
PMC13035516,10.3389/fendo.2026.1750408,A FAERS database study on visual impairment adverse events associated with three long-acting insulin analogues,5,6,3,Figure 2.Table 2,https://www.ncbi.nlm.nih.gov/pmc/articles/PMC13035516/
PMC13036188,10.3389/froh.2026.1744191,The impact of neoadjuvant immunochemotherapy on the prognosis of locally advanced oral carcinoma,6,3,1,Figure 2).Table 5,https://www.ncbi.nlm.nih.gov/pmc/articles/PMC13036188/
PMC13036125,10.3389/fnins.2026.1780804,Association of metabolic syndrome severity with cognitive decline among Chinese older adults: evidence from two prospective cohort studies,4,2,2,Figure 2). As shown in Table 2,https://www.ncbi.nlm.nih.gov/pmc/articles/PMC13036125/
PMC13036852,10.3389/fneur.2026.1759799,Higher serum uric acid levels are associated with improved outcomes in acute ischemic stroke patients following intravenous thrombolysis with alteplase—a retrospective cohort study,3,3,2,Table 2; Figure 2,https://www.ncbi.nlm.nih.gov/pmc/articles/PMC13036852/
PMC13036173,10.3389/fpubh.2026.1787439,Construction of a multifactorial prediction model for healthcare workers’ work ability: focusing on the interaction and impact pathways of job burnout and sleep disorder,9,6,2,"Figure 3, Table 5",https://www.ncbi.nlm.nih.gov/pmc/articles/PMC13036173/
PMC13035776,10.3389/fnut.2026.1796774,Research progress and hotspots of the impact of Mediterranean diet on brain health from 2005 to 2025: a bibliometric and visualization analysis,8,9,4,Figure 2B; Table 1,https://www.ncbi.nlm.nih.gov/pmc/articles/PMC13035776/
PMC13035517,10.3389/fimmu.2026.1794011,Establishment and evaluation of a novel tool based on inflammation-nutrition derived biomarkers for early diagnosis of diabetic foot ulcers,5,5,2,Figure 1A.Table 2,https://www.ncbi.nlm.nih.gov/pmc/articles/PMC13035517/
PMC13037435,10.1080/21645515.2026.2650846,Limited protective immunity to respiratory syncytial virus and pertussis among adults and healthcare workers in South Korea: A seroepidemiologic study,3,2,2,Table 2 and Figure 1,https://www.ncbi.nlm.nih.gov/pmc/articles/PMC13037435/
PMC13037439,10.1080/21645515.2026.2651584,DTaP-induced infantile epileptic spasms syndrome high-risk window: Insights from school-age children,4,4,3,Table 2). As shown in Supplementary Table 4 and Supplementary Figure 1,https://www.ncbi.nlm.nih.gov/pmc/articles/PMC13037439/
PMC13036581,10.1001/jamanetworkopen.2026.3885,Receipt of Industry Payments and Surgeons’ Adoption of Robotic-Assisted Surgery,2,3,1,"Table 2, Figure 2",https://www.ncbi.nlm.nih.gov/pmc/articles/PMC13036581/
PMC13036571,10.1001/jamanetworkopen.2026.2420,Community-Level Procedure Volume and Patient Health Profiles Following PCI-Capable Facility Openings,1,2,3,Figure 1; eTable 2,https://www.ncbi.nlm.nih.gov/pmc/articles/PMC13036571/
PMC13033524,10.3389/fonc.2026.1786674,Ultrasound-based deep learning radiomics for the differential diagnosis of benign and malignant subpleural pulmonary lesions,2,8,1,Table 2).Figure 4,https://www.ncbi.nlm.nih.gov/pmc/articles/PMC13033524/
PMC13033634,10.3389/fsurg.2026.1772588,Laryngeal mask airway versus endotracheal tube for preventing postoperative atelectasis after laparoscopic surgery: a randomized controlled trial,3,3,1,Table 1).Figure 1,https://www.ncbi.nlm.nih.gov/pmc/articles/PMC13033634/
PMC13033727,10.3389/fimmu.2026.1769627,Effectiveness and safety analysis of initial treatment with belimumab in childhood-onset systemic lupus erythematosus,2,6,3,Table 2).Figure 3,https://www.ncbi.nlm.nih.gov/pmc/articles/PMC13033727/
PMC13021772,10.3389/fcimb.2026.1768480,Gut-derived biofilm-forming bacteria as a source of catheter-associated infections: inhibitory effects of O-alkyl naringenin derivatives,3,7,1,Figure 5; Supplementary Table 3,https://www.ncbi.nlm.nih.gov/pmc/articles/PMC13021772/
PMC13032158,10.1001/jamanetworkopen.2026.2434,Diagnostic Timing and Ovarian Cancer Survival,1,4,2,Table 3 and eFigure 1,https://www.ncbi.nlm.nih.gov/pmc/articles/PMC13032158/
PMC13034247,10.1136/rmdopen-2025-006567,Increased synovial and entheseal fibroblast activation detected by 68Ga-FAPI-PET/CT is associated with the development of psoriatic arthritis in psoriasis patients with arthralgia,1,5,2,figure 2 and online supplemental table 2,https://www.ncbi.nlm.nih.gov/pmc/articles/PMC13034247/
PMC13031783,10.1038/s41598-026-41050-z,Early detection of chronic kidney disease based on a SURD-enhanced machine learning model,5,7,1,Table 2 and Figure 3,https://www.ncbi.nlm.nih.gov/pmc/articles/PMC13031783/
PMC13021817,10.3389/fimmu.2026.1776587,Immune reconstitution efficacy and associated risk factors for immunological non-response in people living with HIV during long-term antiretroviral therapy: a single-center retrospective cohort study at a tertiary care hospital in China,4,5,1,Table 5).Figure 3,https://www.ncbi.nlm.nih.gov/pmc/articles/PMC13021817/
PMC13021371,10.2147/DDDT.S574810,Nalbuphine as a Bridge to Delayed Epidural Analgesia: A Randomized Trial on First-Stage Labor Duration,4,3,2,Figure 1). The demographic characteristics of the patients are presented in Table 1,https://www.ncbi.nlm.nih.gov/pmc/articles/PMC13021371/
PMC13022710,10.3389/fphar.2026.1781740,Exploratory pharmacokinetic-pharmacodynamic characterization and safety of standardized Andrographis paniculata aqueous extract capsules in patients with mild COVID-19,6,6,5,Figure 3; Table 2,https://www.ncbi.nlm.nih.gov/pmc/articles/PMC13022710/
PMC13021890,10.3389/fimmu.2026.1791693,Machine learning meets psoriasis: identifying key lactylation biomarkers as potential targets for diagnosis and therapies,1,12,3,Figure 10A) (Supplementary Table 2,https://www.ncbi.nlm.nih.gov/pmc/articles/PMC13021890/
PMC13021785,10.3389/fcimb.2026.1715563,Diagnostic value of metagenomic next-generation sequencing in patients with febrile lung cancer with negative conventional microbiological tests and without neutropenia,4,4,2,"Table 3, Figure 2",https://www.ncbi.nlm.nih.gov/pmc/articles/PMC13021785/
PMC13021417,10.3389/fonc.2026.1770105,MRI-based intratumoral and peritumoral radiomics predicting neoadjuvant chemotherapy response in osteosarcoma,5,7,1,Table 5. DCA curve analysis (Figure 5,https://www.ncbi.nlm.nih.gov/pmc/articles/PMC13021417/
PMC13021878,10.3389/fped.2026.1741717,"Change in vasoactive inotropic score following hydrocortisone administration in the pediatric intensive care unit: a PICU data collaborative study, 2010–2022",4,2,2,"Table 3, Figure 1",https://www.ncbi.nlm.nih.gov/pmc/articles/PMC13021878/
PMC13028759,10.3390/pathogens15030262,In Vivo Confocal Microscopy as a Prognostic Indicator in Acanthamoeba Keratitis: Insights from a Retrospective Study,4,5,2,"Figure 2, Table 1",https://www.ncbi.nlm.nih.gov/pmc/articles/PMC13028759/
PMC13029095,10.3390/pathogens15030328,Epidemiological Features and Environmental Factors of Severe Fever with Thrombocytopenia Syndrome Patients in a Highly Endemic Region: A 12-Year Surveillance Study,2,3,1,"Table 2, Figure 3",https://www.ncbi.nlm.nih.gov/pmc/articles/PMC13029095/
PMC13027385,10.3390/jcm15062202,Non-Cardiac Comorbidities in Acute Heart Failure: Phenotype-Specific Insights from Sub-Saharan Africa,2,3,1,"Table 2, Figure 2",https://www.ncbi.nlm.nih.gov/pmc/articles/PMC13027385/
PMC13054129,10.1111/jbg.70030,Genetic Evaluation of Beef Sires Using a Beef-on-Dairy Crossbred Reference Population,6,5,1,Table 2 shows the descriptive statistics for the three traits according to sire breed.FIGURE 1,https://www.ncbi.nlm.nih.gov/pmc/articles/PMC13054129/
PMC13061121,10.1093/pm/pnaf147,Comparison of percutaneous 60-day peripheral nerve stimulation of the lumbar medial branches to usual care with standard interventional management for chronic low back pain—a multicenter pragmatic randomized controlled trial (RESET),3,5,3,Table 2.Figure 2,https://www.ncbi.nlm.nih.gov/pmc/articles/PMC13061121/
PMC13043791,10.1002/ccd.70512,The Verification of Co-Axiality of the Three Self-Expanding Transcatheter Aortic Valve Systems According to the Difference in Shaft Spine,5,3,1,Figure 2).TABLE 3,https://www.ncbi.nlm.nih.gov/pmc/articles/PMC13043791/
PMC13052781,10.1136/bmjresp-2025-003905,Measurement of lung clearance index (LCI2.5) by nitrogen multiple breath washout (N2-MBW) is feasible and well‍-‍tolerated by adults and children with cystic fibrosis,2,1,1,table 2.Figure 1,https://www.ncbi.nlm.nih.gov/pmc/articles/PMC13052781/
PMC13052230,10.1002/jcla.70192,Flow Cytometric Profiling Reveals Platelet Dysfunction and Impaired Immune Communication in Acute and Chronic Cerebrovascular Disease,3,3,4,Table 1 and Figure 1,https://www.ncbi.nlm.nih.gov/pmc/articles/PMC13052230/
PMC13045302,10.1002/clc.70282,Catheter Ablation for Frequent Premature Ventricular Contractions or Paroxysmal Supraventricular Tachycardia With Vagal Bradycardia: A New Clinical Application of Superior Vena Cava–Aorta Ganglionated Plexus Modification,2,3,1,"Table 2, Figure 1",https://www.ncbi.nlm.nih.gov/pmc/articles/PMC13045302/
PMC13033911,10.1111/jns.70117,A Next-Generation ELISA for the Detection of Anti-(Para)Nodal Antibodies in Autoimmune Nodopathy and COVID-19 Vaccinated Individuals,2,2,1,Table 1 and Figure 1,https://www.ncbi.nlm.nih.gov/pmc/articles/PMC13033911/
PMC13024217,10.3390/antibiotics15030283,Revitalizing Trimethoprim/Sulfamethoxazole via Nanotechnology for Improved Pharmacokinetics and Antibacterial Efficacy,10,8,3,"Table 4 and Table 5, and Figure 1",https://www.ncbi.nlm.nih.gov/pmc/articles/PMC13024217/
PMC13037359,10.1002/ksa.70036,Lower synovial leucocyte count and polymorphonuclear percentage reliably differentiate periprosthetic joint infection after unicompartmental knee arthroplasty,4,2,5,Figure 1).Table 2,https://www.ncbi.nlm.nih.gov/pmc/articles/PMC13037359/
PMC13013302,10.3389/fsurg.2026.1725534,The efficacy and safety of platelet rich plasma and hyaluronic acid in the treatment of knee osteoarthritis: a meta-analysis,2,11,1,Figure 1. The basic information of the included data is shown in Table 1,https://www.ncbi.nlm.nih.gov/pmc/articles/PMC13013302/
PMC13006372,10.2147/OPTH.S566499,Aligning the Axis of Toric Intraocular Lens with the Corneal Steep Meridian by Setting SIA at 0 Diopter: A Prospective Randomized Controlled Trial,3,6,1,Table 3). The difference in the two groups was statistically significant (shown in Figure 5,https://www.ncbi.nlm.nih.gov/pmc/articles/PMC13006372/
PMC12995614,10.3389/fendo.2026.1746797,Determinants and predictive performance of reduced muscle mass in elderly patients with type 2 diabetes: a retrospective study,3,6,3,Figure 4; Table 3,https://www.ncbi.nlm.nih.gov/pmc/articles/PMC12995614/
PMC13003377,10.1002/rcs.70148,Feasibility and Outcomes of a Robotic Retroperitoneal Approach to Para-Aortic Lymphadenectomy in Intermediate- and High-Risk Endometrial Cancer: A Prospective Study,2,3,1,"Figure 2. Recurrence was observed in two cases, both of which involved bone metastases.TABLE 1",https://www.ncbi.nlm.nih.gov/pmc/articles/PMC13003377/
PMC12980696,10.1002/jbio.202500348,Therapeutic Potential of Photobiomodulation in Early Recovery After Experimental Spinal Cord Injury in Rats: Histological and Biomechanical Analysis,2,7,1,Table 1.FIGURE 2,https://www.ncbi.nlm.nih.gov/pmc/articles/PMC12980696/
PMC12976656,10.1002/alz.71207,Integrating real-world data with gold-standard longitudinal clinical and genomic data to advance precision medicine for the Alzheimer's Disease Research Center Program and beyond: a proof-of-concept data platform,2,2,1,"Figure 2B). Among the 1522 participants with UDS, EHR, and Medicare claims data linked (Table 2",https://www.ncbi.nlm.nih.gov/pmc/articles/PMC12976656/
PMC12966529,10.1177/10760296261432450,"A Prospective Analysis of Viscoelastic Assays, Platelet Aggregometry, and Standard Laboratory Tests in Predicting Perioperative Blood Loss in Cardiac Surgery",3,2,3,Table 2 and visually summarized in Figure 1,https://www.ncbi.nlm.nih.gov/pmc/articles/PMC12966529/
PMC12968358,10.1111/jgs.70312,European Working Group on Sarcopenia in Older People Algorithm: Step-by-Step Relation With Length of Hospitalization,2,3,1,Table 2).FIGURE 2,https://www.ncbi.nlm.nih.gov/pmc/articles/PMC12968358/
PMC12976406,10.1177/00469580261427681,Active Heat Acclimation Training Offered Better Results in Thermal Rooms in Basic-Training Troops: A Prospective Controlled Study,4,2,2,Table 4 and Figure 1,https://www.ncbi.nlm.nih.gov/pmc/articles/PMC12976406/
PMC12968874,10.21037/tau-2025-aw-840,Development and validation of a biochemical recurrence risk assessment model for prostate cancer based on TCGA database,1,7,1,Figure 1.Table 1,https://www.ncbi.nlm.nih.gov/pmc/articles/PMC12968874/
PMC12935677,10.3389/fendo.2026.1722822,Effects of Axivity 3.0-based management model on pregnant women with gestational diabetes mellitus,9,1,1,Figure 1). As shown in Table 1,https://www.ncbi.nlm.nih.gov/pmc/articles/PMC12935677/
PMC12951882,10.7717/peerj.20881,Association between serum uric acid and urinary uric acid excretion indicators and early impaired kidney function in newly diagnosed T2DM patients with normal serum uric acid levels: a retrospective study,3,4,1,Table 2).10.7717/peerj.20881/fig-1Figure 1,https://www.ncbi.nlm.nih.gov/pmc/articles/PMC12951882/
PMC12951090,10.1111/cas.70308,Phase 1/2 Study of Crizotinib in Children With Relapsed/Refractory ALK-Positive Anaplastic Large Cell Lymphoma or Neuroblastoma in Japan,3,2,1,Figure 1).The patient characteristics are presented in Table 1,https://www.ncbi.nlm.nih.gov/pmc/articles/PMC12951090/
PMC12923094,10.2196/80738,WeChat-Based Intervention for Glycemic Control in Patients With Type 2 Diabetes Mellitus: Multicenter Randomized Controlled Trial,4,1,1,Table 1).Figure 1,https://www.ncbi.nlm.nih.gov/pmc/articles/PMC12923094/
PMC12926134,10.3389/fneur.2026.1699988,Neuroregulatory mechanism of heat-sensitive moxibustion on the Dubi acupoint (ST 35) in patients with knee osteoarthritis: a resting-state functional magnetic resonance imaging study,5,8,3,Table 3 and Figure 5,https://www.ncbi.nlm.nih.gov/pmc/articles/PMC12926134/
PMC12933807,10.1136/bmjopen-2024-098021,Cost-effectiveness of sugemalimab plus chemotherapy versus placebo plus chemotherapy as first-line treatment for advanced oesophageal squamous cell carcinoma in China,1,5,2,"table 1, and the result was shown in figure 2",https://www.ncbi.nlm.nih.gov/pmc/articles/PMC12933807/
PMC12932462,10.3389/fcimb.2025.1749051,The disturbance of ABC transporters in patients with dengue fever: integration of metabolomics and transcriptomics,4,9,3,Figure 3B). The power calculations of top 10 up-regulated metabolites were listed (Table 2,https://www.ncbi.nlm.nih.gov/pmc/articles/PMC12932462/
PMC12928872,10.1097/MD.0000000000047803,"The relationship of parenting styles and identity foreclosure: The role of parental attachment among high school students in Debre Markos Town, Ethiopia",6,4,5,"Table 4. In addition, the CFA diagram of parenting style is presented in Figure 1",https://www.ncbi.nlm.nih.gov/pmc/articles/PMC12928872/
PMC12944739,10.3390/toxins18020059,From Bite to Recovery: Safety and Efficacy of Pan-African Polyvalent Antivenom Used for Treating Snakebites in Cameroon,6,3,1,"Table 1), with an overall study range of 1 to 8 vials (Figure 2",https://www.ncbi.nlm.nih.gov/pmc/articles/PMC12944739/
PMC12922686,10.1097/HMR.0000000000000467,A value chain analysis of digitalizing hospital-at-home services in Finland,4,3,1,"Figure 1, and grounded in the deductive reasoning outlined in Table 2",https://www.ncbi.nlm.nih.gov/pmc/articles/PMC12922686/
PMC12153022,10.1111/opo.13496,Hard braking events in bioptic drivers with central vision impairment,3,4,1,Figure 4.TABLE 2,https://www.ncbi.nlm.nih.gov/pmc/articles/PMC12153022/
PMC12917374,10.1016/j.ekir.2026.103797,Accuracy of Point-of-Care Transdermal GFR Methodology,9,6,1,Figure 5. In Table 2,https://www.ncbi.nlm.nih.gov/pmc/articles/PMC12917374/
PMC12917760,10.3389/fphar.2026.1732886,Combined azelastine fluticasone nasal spray versus fluticasone propionate nasal spray in postoperative management of central compartment atopic disease (CCAD),6,2,2,Figure 1.Basic patients’ demographic data are shown in Table 1,https://www.ncbi.nlm.nih.gov/pmc/articles/PMC12917760/
PMC12911810,10.1136/jitc-2025-012377,"Phase 1 open-label study of ASP9801, an oncolytic virus, in patients with advanced or metastatic solid tumors",3,4,1,figure 2).Table 1,https://www.ncbi.nlm.nih.gov/pmc/articles/PMC12911810/
PMC12907198,10.3389/fendo.2026.1743676,"The relationship between sleep disturbances, depression and anxiety in differentiated thyroid cancer patients during radioiodine (131I) therapy: a longitudinal observational study",7,2,2,Table 1.Figure 1,https://www.ncbi.nlm.nih.gov/pmc/articles/PMC12907198/
PMC12891991,10.1093/jhps/hnaf039,"Comparison of pericapsular nerve group block versus supra-inguinal fascia iliaca block on postoperative pain management, quadriceps muscle strength, and early functional outcomes after arthroscopic treatment of femoroacetabular impingement: a prospective, randomized clinical study",3,5,1,"Table 1. Clinical, radiological, and operative data are shown in Table 2.Figure 3",https://www.ncbi.nlm.nih.gov/pmc/articles/PMC12891991/
PMC12890459,10.1111/jcpe.70059,The Effect of Periodontal Therapy on Renal Function and Diabetes Control in Patients With Chronic Kidney Disease. A Randomised Controlled Clinical Trial,4,2,3,Table 1).FIGURE 1,https://www.ncbi.nlm.nih.gov/pmc/articles/PMC12890459/
PMC12881331,10.1177/10732748261423266,Age at Breast Cancer Diagnosis and Short-Term Postoperative Outcomes for Women Treated in a Universal Health System,3,2,1,Table 2).Figure 1,https://www.ncbi.nlm.nih.gov/pmc/articles/PMC12881331/
PMC12868260,10.3389/fpubh.2026.1744177,A study on the relationship between work stress and turnover intentions among critical care nurses: mediating roles of job satisfaction and burnout,4,2,1,Figure 2.Table 3,https://www.ncbi.nlm.nih.gov/pmc/articles/PMC12868260/
PMC12869709,10.3389/fpubh.2025.1742511,Impact of digital economy on residents’ medical cost: an empirical analysis based on interprovincial data from China,10,3,2,"Figure 3. The test results, summarized in Table 9",https://www.ncbi.nlm.nih.gov/pmc/articles/PMC12869709/
PMC12876698,10.1007/s12603-020-1520-3,Higher Levels of Physical Activity are Associated with Greater Fruit and Vegetable Intake in Older Adults,4,2,1,Table 1) (Figure 1,https://www.ncbi.nlm.nih.gov/pmc/articles/PMC12876698/
PMC12879145,10.1007/s12603-019-1303-x,Cachexia and Cognitive Function in the Community-Dwelling Older Adults: Mediation Effects of Oral Health,3,1,2,Table 2 and Figure 1,https://www.ncbi.nlm.nih.gov/pmc/articles/PMC12879145/
PMC12878164,10.1007/s12603-013-0359-2,Medication management capacity in relation to cognition and self-management skills in older people on polypharmacy,3,1,1,Table 2).Figure 1,https://www.ncbi.nlm.nih.gov/pmc/articles/PMC12878164/
PMC12879217,10.1007/s12603-016-0731-0,The oldest old in the Emergency Department: Impact of renal function,3,2,1,"Table 3, Figure 2",https://www.ncbi.nlm.nih.gov/pmc/articles/PMC12879217/
PMC12334196,10.1159/000547167,Long-Term Outcomes of One-Anastomosis Gastric Bypass in Class IV and Class V Obesity: A Comparative Analysis with Sleeve Gastrectomy,5,3,1,Table 4 and Figure 3,https://www.ncbi.nlm.nih.gov/pmc/articles/PMC12334196/
PMC12862250,10.3389/ti.2026.15622,Cellular Immunity in Chronic Kidney Disease and Changes After Kidney Transplantation,3,6,2,Table 2). Similar kinetics were observed in CD4+ subpopulation proportion (Figure 2,https://www.ncbi.nlm.nih.gov/pmc/articles/PMC12862250/
PMC12859509,10.1016/j.jacadv.2025.102543,Minimum Mean Arterial Pressure and Associated Mortality Outcomes in the Cardiac Intensive Care Unit,2,5,2,"Table 2, Supplemental Figure 1",https://www.ncbi.nlm.nih.gov/pmc/articles/PMC12859509/
PMC12857427,10.1093/ibd/izaf218,Comparative Risk of Serious Infections Associated With Treatment of Inflammatory Bowel Disease,4,1,1,"Figure 1, right; Table 3",https://www.ncbi.nlm.nih.gov/pmc/articles/PMC12857427/
PMC12851876,10.1016/j.bja.2025.08.043,"Risk factors, outcomes, and early prediction of cardiac surgery-associated acute kidney injury: a post hoc subgroup analysis of the Epidemiology of Surgery Associated Acute Kidney Injury study☆",2,2,1,Figure 1 and Table 2,https://www.ncbi.nlm.nih.gov/pmc/articles/PMC12851876/
PMC12856125,10.1111/jsr.70131,Wake EEG and Sleep Hypoxemia Predicts Poor Driving and Vigilance Following Extended Wakefulness in People With OSA,2,6,1,Table 1) and driving simulator steering deviation (Figure 3,https://www.ncbi.nlm.nih.gov/pmc/articles/PMC12856125/
PMC12856267,10.3389/fphar.2025.1708451,Economic value and clinical association of a supervised lifestyle-improving program for MASLD,8,9,2,Table 5 and Figure 4,https://www.ncbi.nlm.nih.gov/pmc/articles/PMC12856267/
PMC12860539,10.1002/mp.70314,Machine learning model for fast prediction and uncertainty quantification of needle deflection during prostate biopsy,3,8,3,TABLE 3Parameters of normal distributions of tissue elastic moduli in Figure 6,https://www.ncbi.nlm.nih.gov/pmc/articles/PMC12860539/
PMC12844729,10.3390/nu18020256,Relationship Between Emotional Eating and Adherence to the Mediterranean Diet Based on Body Weight in University Students and Individuals from Their Social Environment,7,2,1,Figure 2 and Table 4,https://www.ncbi.nlm.nih.gov/pmc/articles/PMC12844729/
PMC12835228,10.1002/acm2.70469,Measurement of the volume CT dose index on spiral CT scanning with a real-time ionization chamber,5,9,1,FIGURE 2Measurement setup for the body CTDIvol.TABLE 1,https://www.ncbi.nlm.nih.gov/pmc/articles/PMC12835228/
PMC12832737,10.3389/fcimb.2025.1734801,"Risk factors, and outcomes of patients with carbapenem-resistant Enterobacterales bloodstream infection: an eight-year case-case-control study",8,3,1,"Table 7, and Kaplan-Meier survival curves are presented in Figure 3",https://www.ncbi.nlm.nih.gov/pmc/articles/PMC12832737/
PMC12830825,10.1038/s41598-025-33202-4,PEAO: a bio-inspired parallel optimizer with a multi-strategy communication mechanism for breast cancer diagnosis,14,13,2,"Table 6, box plots of STD for 10 algorithms on 30 functions were plotted. Figure 5",https://www.ncbi.nlm.nih.gov/pmc/articles/PMC12830825/
PMC12832631,10.3389/fmed.2025.1655844,A randomized controlled trial examining the impact of diversified nursing interventions on the circadian rhythm of sedated critically ill patients,7,6,2,Table 4 and Figure 1,https://www.ncbi.nlm.nih.gov/pmc/articles/PMC12832631/
PMC12827574,10.3389/fspor.2025.1691794,"Pelvic compression garments alter running biomechanics, perceived support, and fear of symptoms in postpartum women with pelvic floor dysfunction: preliminary observations from an exploratory, randomised, repeated-measures crossover design",4,6,2,Table 3 and visually displayed for a selection of variables in Figure 4,https://www.ncbi.nlm.nih.gov/pmc/articles/PMC12827574/
PMC12819295,10.3389/fendo.2025.1740527,Impact of BMI on basal LH in premenarcheal girls with idiopathic central precocious puberty,4,1,1,"Table 2, Figure 1",https://www.ncbi.nlm.nih.gov/pmc/articles/PMC12819295/
PMC12813021,10.3389/fpubh.2025.1659759,Relationship between attentional bias and psychological craving in methamphetamine use disorder,5,3,3,Table 3 and Figure 1,https://www.ncbi.nlm.nih.gov/pmc/articles/PMC12813021/
PMC12813023,10.3389/fpubh.2025.1713841,Machine learning-based prediction of occupational exposure risks among oral healthcare workers,3,3,1,Figure 2. Specific results are shown in Table 3,https://www.ncbi.nlm.nih.gov/pmc/articles/PMC12813023/
PMC12816723,10.1038/s41598-025-32057-z,Trajectory of serum osmolality changes and 28-day mortality risk in patients with sepsis-associated delirium based on the MIMIC-IV database,2,6,1,Table 2). Figure 5,https://www.ncbi.nlm.nih.gov/pmc/articles/PMC12816723/
PMC13058868,10.1111/psyp.70292,Bridging Lab and Life: A Dual-Person Paradigm for Social Interaction Research,3,7,4,Table 1; Figure 1,https://www.ncbi.nlm.nih.gov/pmc/articles/PMC13058868/
PMC13060642,10.1002/ejsc.70172,Does Cardiorespiratory Fitness Predict the Physiological and Psychological Stress Response to a Mathematics Exam in Secondary High School Students?,4,3,1,Figure 3). The significant correlations were in the small-to-medium range.TABLE 3,https://www.ncbi.nlm.nih.gov/pmc/articles/PMC13060642/
PMC13055199,10.1002/pro.70531,From transporter to motor: Evolutionary and structural insights into the emergence of prestin's area-motor activity in mammals,3,9,2,"Figure 3, Table 2",https://www.ncbi.nlm.nih.gov/pmc/articles/PMC13055199/
PMC13053160,10.1111/tra.70034,Unraveling the Dynamics of Oxytocin in Hypothalamic Neurons,1,10,1,"Table 1, Figure 2",https://www.ncbi.nlm.nih.gov/pmc/articles/PMC13053160/
PMC13053913,10.1111/acer.70293,Impact of Visual Masking on Attentional Bias in Cross-Sectional Clinical and Healthy Populations: Differences in Conscious and Unconscious Processing of Alcohol-Related Cues,3,3,1,Table 2 and Figure 3,https://www.ncbi.nlm.nih.gov/pmc/articles/PMC13053913/
PMC13055033,10.1080/07853890.2026.2646821,Assessment of visual contrast sensitivity in biotoxin-exposed individuals using four testing methods,2,2,2,Table 1.Figure 2,https://www.ncbi.nlm.nih.gov/pmc/articles/PMC13055033/
PMC13052068,10.1002/hsr2.72276,Strengthening Pharmacogenomics Implementation in Africa: Challenges and Opportunities - A Narrative Review,3,3,2,Table 2).Figure 1,https://www.ncbi.nlm.nih.gov/pmc/articles/PMC13052068/
PMC13051052,10.1111/1460-6984.70231,Long-Term Speech Outcomes in Moderate-to-Severe Childhood Speech Sound Disorder: A Systematic Review,4,2,1,Figure 2.). NHMRC evidence hierarchy ratings are provided in Table 2,https://www.ncbi.nlm.nih.gov/pmc/articles/PMC13051052/
PMC13051453,10.1002/ajpa.70245,Terrestrial Positional Behavior of Wild Pongo pygmaeus,5,4,1,Figure 3; Table 5,https://www.ncbi.nlm.nih.gov/pmc/articles/PMC13051453/
PMC13051869,10.1155/bmri/5408596,Correlation Analysis of Lower Limb Contrast-Enhanced Ultrasound Findings With Serum VEGF and CXCL-12 Levels in a Rabbit Model of Diabetic Foot,3,8,2,Table 2 and Figure 3,https://www.ncbi.nlm.nih.gov/pmc/articles/PMC13051869/
PMC13052216,10.1111/hex.70654,Understanding the Role of Patients and Carers in a Virtual Hospital Through Journey Mapping: Multi-Method Triangulation Analysis,2,5,1,Table 1Icon legend for Figure 4,https://www.ncbi.nlm.nih.gov/pmc/articles/PMC13052216/
PMC13052535,10.1136/bmjoq-2025-004040,Engaging patient and family advisory councils (PFACs) in patient safety in healthcare organisations: a rapid scoping review,3,2,1,figure 1). Details on the characteristics of the included sources are presented in table 2,https://www.ncbi.nlm.nih.gov/pmc/articles/PMC13052535/
PMC13051812,10.1111/ene.70560,Reappraisal of the Diagnostic Significance of Transcranial Magnetic Stimulation and Triple Stimulation in Amyotrophic Lateral Sclerosis,3,2,1,"Figure 2, Table 3",https://www.ncbi.nlm.nih.gov/pmc/articles/PMC13051812/
PMC13052326,10.1002/epi4.70221,Semiology in spontaneous versus cortical stimulation-induced seizures during SEEG: A within-patient comparison study,2,3,4,Table 1). All patients underwent cortical stimulation with 50 Hz stimulation (Figure 1,https://www.ncbi.nlm.nih.gov/pmc/articles/PMC13052326/
PMC13050801,10.1002/jpn3.70362,Risk factors for avoidant/restrictive food intake disorder in children: A systematic review,3,1,1,Table 1.Figure 1,https://www.ncbi.nlm.nih.gov/pmc/articles/PMC13050801/
PMC13051995,10.1002/epi4.70214,Sudden unexpected death in epilepsy (SUDEP): Risk management of pediatric patients with epilepsy,2,4,1,Figure 3 and Table 2,https://www.ncbi.nlm.nih.gov/pmc/articles/PMC13051995/
PMC13051839,10.1002/epi4.70238,Safety of postimplantation MRI with Dixi microdeep electrodes in situ: An in vitro evaluation of MRI-related heating at 1.5T,1,3,1,TABLE 1Electrode configurations and heating.Configuration (Figure 1,https://www.ncbi.nlm.nih.gov/pmc/articles/PMC13051839/
PMC13052194,10.1002/epi4.70236,Structural brain imaging biomarkers for predicting seizure recurrence after a first unprovoked seizure,1,5,1,Table 1.FIGURE 2,https://www.ncbi.nlm.nih.gov/pmc/articles/PMC13052194/
PMC13051417,10.1111/clr.70093,Effect of Connective Tissue Graft as an Adjunct to Guided Bone Regeneration in the Surgical Treatment of Peri-Implantitis: A Dual-Center Randomized Controlled Trial,6,5,2,"Table 2). Clinical cases are presented for the test group, strata 1 (Figure 2",https://www.ncbi.nlm.nih.gov/pmc/articles/PMC13051417/
PMC13052459,10.1111/jfb.70280,Inshore marine coastal zone migration patterns in Atlantic salmon post-smolts emigrating from eight rivers in north-east Scotland,1,7,1,Table 1; Figure 1,https://www.ncbi.nlm.nih.gov/pmc/articles/PMC13052459/
PMC13050154,10.2147/OTT.S576505,High-Dose Twice-Daily Thoracic Radiotherapy for Limited-Stage Small-Cell Lung Cancer: A Real-World Retrospective Experience from Two Tertiary Centers,3,1,1,Figure 1).Table 2,https://www.ncbi.nlm.nih.gov/pmc/articles/PMC13050154/
PMC13047253,10.1111/psyp.70284,Validity and Reliability of the Heart Rate Matching Task: A Novel Measure of Heart Rate Estimation,4,13,1,Figure 10). The HRM took on average 6.59 min to complete (SD = 2.25).TABLE 4,https://www.ncbi.nlm.nih.gov/pmc/articles/PMC13047253/
PMC13047720,10.1111/petr.70311,Assessing Social Drivers of Health Among Pediatric Solid Organ Transplant Patients Using Psychosocial Screening: Rates of Risk and What DO we DO?,2,2,1,Table 2 for the SDOH items breakdown by organ group.FIGURE 2,https://www.ncbi.nlm.nih.gov/pmc/articles/PMC13047720/
PMC13047727,10.1111/mec.70332,Latitudinal Clines in Gene Flow and Demographic Stability Reveal Drivers of Microendemism in a Radiation of Alpine Grasshoppers,3,7,3,Table 1; Figure 1,https://www.ncbi.nlm.nih.gov/pmc/articles/PMC13047727/
PMC13047943,10.1002/mus.70152,Dynamics of Nerve Conduction Studies in Patients With Guillain–Barré Syndrome,3,3,1,Table 3).FIGURE 3,https://www.ncbi.nlm.nih.gov/pmc/articles/PMC13047943/
PMC13049226,10.1177/17446295241303192,The recognition and assessment of pain in people with profound intellectual disabilities by nurses: An appreciative inquiry,2,4,1,Table 2.); through the four phases of this appreciative inquiry study (see Figure 1,https://www.ncbi.nlm.nih.gov/pmc/articles/PMC13049226/
PMC13046079,10.1093/chidev/aacaf002,"Community threat, positive parenting, and accelerated epigenetic aging: Longitudinal links from childhood to adolescence",2,3,2,Table 1). Bivariate correlations are presented in Figure 2,https://www.ncbi.nlm.nih.gov/pmc/articles/PMC13046079/
PMC13045659,10.2196/81743,Recruiting a National Sample of First Response Agencies to Participate in an Overdose Prevention Research Project: Randomized Controlled Trial and Feasibility Study,4,3,1,"Figure 3). Therefore, Table 4",https://www.ncbi.nlm.nih.gov/pmc/articles/PMC13045659/
PMC13045318,10.1155/oti/5561541,"The Model of Occupational Self-Efficacy: A Contemporary Model to Enhance Work Skills, Cognitive and Emotional Skills of Individuals With Brain Injury—A Pilot Randomized Control Trial",4,4,1,Figure 4Postintervention: usual treatment versus experimental treatment.Table 3,https://www.ncbi.nlm.nih.gov/pmc/articles/PMC13045318/
PMC13045936,10.1002/cne.70155,Immature Excitatory Neurons in the Postnatal Ferret Paralaminar Nuclei and Their Relationship to the Amygdala Across Species,4,8,2,Figure 1B and Table 4,https://www.ncbi.nlm.nih.gov/pmc/articles/PMC13045936/
PMC13046055,10.1093/ibd/izaf259,A Real-World Longitudinal Case-Study Implementing Digital Screening and Treatment for Distress in Inflammatory Bowel Disease: The COMPASS-IBD Patient Journey,5,2,1,Table 4 (see Figure 2,https://www.ncbi.nlm.nih.gov/pmc/articles/PMC13046055/
PMC13045454,10.1002/advs.202503745,Sleep Alters the Velocity of Physiological Brain Pulsations in Humans,2,6,1,Figure 1D).Table 1,https://www.ncbi.nlm.nih.gov/pmc/articles/PMC13045454/
PMC13041613,10.1111/jar.70224,Loneliness and Its Associated Factors in Individuals With Intellectual Disability and Borderline Intellectual Functioning: A Systematic Review,2,3,1,Table 1 for an overview of the characteristics of the included studies.FIGURE 2,https://www.ncbi.nlm.nih.gov/pmc/articles/PMC13041613/
PMC13044866,10.1002/jad.70100,Facilitators and Barriers of Adolescent Self-Disclosure Across Different Confidants: A Multi-Informant Mixed Methods Study,3,2,1,"Figure 1, the full blank grid can be found in Appendix S1.Table 2",https://www.ncbi.nlm.nih.gov/pmc/articles/PMC13044866/
PMC13038445,10.3389/fimmu.2026.1792863,Multidimensional regulatory mechanisms and translational potential of epigenetic networks in the rheumatoid arthritis disease course,6,7,1,"Table 1, Figure 2",https://www.ncbi.nlm.nih.gov/pmc/articles/PMC13038445/
PMC13038557,10.3389/fendo.2026.1760358,Characteristics and correlation analysis of postprandial free fatty acids and cortisol levels in males after different meals: a clinical trial,8,4,5,Figure 1; Table 2,https://www.ncbi.nlm.nih.gov/pmc/articles/PMC13038557/
PMC13042762,10.1002/advs.202513911,Identification and Characterization of an In Silico Designed Membrane-Active Peptide with Antiviral Properties,2,10,8,Figure 6; Table 1,https://www.ncbi.nlm.nih.gov/pmc/articles/PMC13042762/
PMC13039611,10.1177/23312165261436198,"Measuring Spectrotemporal Sensitivity 
in Cochlear Implant Users With a 
Reaction-Time Paradigm: A Comparison 
of Two Implementations",3,8,1,Table 1.Figure 6,https://www.ncbi.nlm.nih.gov/pmc/articles/PMC13039611/
PMC13036215,10.3389/fpubh.2026.1630531,Effects of meteorological variability on the burden of musculoskeletal disorders among people aged 55 and above in the United States: a secondary analysis of the Global Burden of Disease Study 2021,2,3,3,Figure 3C2; Table 2,https://www.ncbi.nlm.nih.gov/pmc/articles/PMC13036215/
PMC13035499,10.3389/fcdhc.2026.1749766,Psychosocial support for adult-onset type 1 diabetes: the living with and adapting to type 1 diabetes programme - a cross-national feasibility study,7,4,1,Figure 2 Consort diagram of one-to-one consultations in Denmark.Table 1,https://www.ncbi.nlm.nih.gov/pmc/articles/PMC13035499/
PMC13036845,10.3389/fpsyg.2026.1733845,"Effects of brief bouts of exercise, embodied cognitive training, and their combination on social anxiety in rural left-behind children: a randomized controlled trial",4,2,2,Table 1; Figure 2,https://www.ncbi.nlm.nih.gov/pmc/articles/PMC13036845/
PMC13035461,10.1002/eap.70218,"Pyrodiversity of boreal lake islands begets biodiversity of beetles, plants, and birds",1,6,1,Table 1).FIGURE 4,https://www.ncbi.nlm.nih.gov/pmc/articles/PMC13035461/
PMC13036395,10.1111/jcpp.70087,Annual Research Review: The role of caregiver sensitivity in children's developmental outcomes – an umbrella review,5,3,1,Table 3 and depicted in Figure 3,https://www.ncbi.nlm.nih.gov/pmc/articles/PMC13036395/
PMC13035076,10.2196/85863,Factors Associated With the Use of Digital Health and Well-Being Resources in Non–Memory-Led Dementias: Quantitative Survey Study,2,2,1,"Table 1, split by NMLD condition and participant group.Figure 2",https://www.ncbi.nlm.nih.gov/pmc/articles/PMC13035076/
PMC13034316,10.1136/bmjopen-2025-107607,"Burden of birth defects in a war and siege-affected region: a retrospective hospital-based cross-sectional study from Tigray region, Northern Ethiopia",4,3,1,figure 2 and table 2,https://www.ncbi.nlm.nih.gov/pmc/articles/PMC13034316/
PMC13058261,10.1093/esj/aakag025,One-year functional outcome of the Flying Intervention Team versus patient interhospital transfer in acute ischaemic stroke,2,4,2,Figure 2; Table 2,https://www.ncbi.nlm.nih.gov/pmc/articles/PMC13058261/
PMC13058765,10.1001/jamanetworkopen.2026.5535,All-Cause and Cause-Specific Mortality in Patients With Bipolar II Disorder,3,2,4,Figure 2 in Supplement 1).Table 1,https://www.ncbi.nlm.nih.gov/pmc/articles/PMC13058765/
PMC13059027,10.1080/0886022X.2026.2647568,An observational study on lupus nephritis combined with cryoglobulinemia,3,1,1,Table 3 and Figure 1,https://www.ncbi.nlm.nih.gov/pmc/articles/PMC13059027/
PMC13059051,10.1111/ddg.15897,Brentuximab vedotin and radiotherapy for CD30-positive cutaneous T-cell lymphoma – a retrospective multicenter analysis,3,3,1,"Table 2 summarizes the therapeutic outcome, and Figure 3",https://www.ncbi.nlm.nih.gov/pmc/articles/PMC13059051/
PMC13058475,10.3389/fonc.2026.1735049,Impact of adjuvant immunotherapy on prognosis in esophageal squamous cell carcinoma patients following neoadjuvant immunochemotherapy,4,10,1,Table 1.Figure 1,https://www.ncbi.nlm.nih.gov/pmc/articles/PMC13058475/
PMC13059929,10.1136/jitc-2024-009825,Development and optimization of Eva1 (MPZL2) targeting chimeric antigen receptor T cells,1,6,1,figure 110.1136/jitc-2024-009825online supplemental table 1,https://www.ncbi.nlm.nih.gov/pmc/articles/PMC13059929/
PMC13059888,10.1136/bmjresp-2024-002334,Tuberculosis screening among cough suppressant buyers in pharmacies and drug outlets in Guinea: a cross-sectional study,4,1,1,"table 3, figure 1",https://www.ncbi.nlm.nih.gov/pmc/articles/PMC13059888/
PMC13053665,10.1002/mco2.70720,Neoadjuvant Toripalimab Plus Axitinib for Nonmetastatic Clear Cell Renal Cell Carcinoma With Tumor Thrombus: A Combined Analysis of Two Phase II Clinical Trials,3,5,2,Table 1).FIGURE 1,https://www.ncbi.nlm.nih.gov/pmc/articles/PMC13053665/
PMC13060758,10.1002/hem3.70349,"Erdheim-Chester disease associated with myeloid neoplasm: Clinical features, molecular landscape, and treatment outcomes",3,5,1,Table 3 and Figure 4,https://www.ncbi.nlm.nih.gov/pmc/articles/PMC13060758/
PMC13056661,10.3389/fsurg.2026.1715357,Acupoint glucocorticoid injection combined with focused ultrasound for granulomatous lobular mastitis: a retrospective study,3,4,1,Figure 4 and detailed in Table 3,https://www.ncbi.nlm.nih.gov/pmc/articles/PMC13056661/
PMC13059986,10.1016/j.xjon.2025.10.032,Neoadjuvant intratumoral immune stimulation using gene-mediated cytotoxic immunotherapy for resectable non-small cell lung cancer: 5-Year outcomes,2,8,1,Table 1 and Figure 1,https://www.ncbi.nlm.nih.gov/pmc/articles/PMC13059986/
PMC13053252,10.3389/fendo.2026.1786705,Long-term cardio-metabolic effects of lifestyle intervention among obese Arab women: a 12-year follow-up of a randomized trial,6,1,2,Figure 1).Table 2,https://www.ncbi.nlm.nih.gov/pmc/articles/PMC13053252/
PMC13053167,10.1002/cam4.71671,Efficacy and Safety of Multivisceral Resection for Ovarian Cancer: A Comparative Study of Gynecologic Oncologists and Multidisciplinary Surgeons,5,1,1,Table 5).FIGURE 1,https://www.ncbi.nlm.nih.gov/pmc/articles/PMC13053167/
PMC13053221,10.3389/fonc.2026.1747868,"Acidic microenvironment-induced LAMC2 expression promotes proliferation, migration, and pathway regulation in non-small cell lung cancer cells",2,11,1,Table 2).Figure 10,https://www.ncbi.nlm.nih.gov/pmc/articles/PMC13053221/
PMC13053668,10.1002/iid3.70422,Identification of Prognostic Values of Neutrophil Extracellular Traps-Related Genes in Glioma Based on Bioinformatics,1,14,8,"Table 13), as shown in Figure 2",https://www.ncbi.nlm.nih.gov/pmc/articles/PMC13053668/
PMC13053264,10.3389/fonc.2026.1774856,Pathologic response after total neoadjuvant therapy in stage II–III rectal cancer: preliminary results from a prospective study from Vietnam,5,2,2,"Table 2, Figure 1",https://www.ncbi.nlm.nih.gov/pmc/articles/PMC13053264/
PMC13055939,10.2196/78823,A Gamified Pain Management Intervention for Adults With Chronic Pain in Mainland China: Single-Arm Pre-Post Pilot Study With Machine Learning Predictive Modeling,12,8,3,Table 8 and Figure 4,https://www.ncbi.nlm.nih.gov/pmc/articles/PMC13055939/
PMC13054924,10.1002/sim.70500,Missingness in Eligibility Criteria for Target Trial Emulation in EHR With Survival Outcomes,6,3,1,Table 3).FIGURE 2,https://www.ncbi.nlm.nih.gov/pmc/articles/PMC13054924/
PMC13053950,10.1002/ueg2.70207,Higher Colonic Tissue Drug Concentrations of Subcutaneous Compared to Intravenous Administration of Infliximab Therapy in Patients With Inflammatory Bowel Disease,2,5,1,Figure 5).TABLE 2,https://www.ncbi.nlm.nih.gov/pmc/articles/PMC13053950/
PMC13054624,10.1001/jamanetworkopen.2026.5061,Adjuvant Chemotherapy Outcomes in Older Adults With Nonmetastatic Triple-Negative Breast Cancer,3,2,2,Figure 1 and eTable 1,https://www.ncbi.nlm.nih.gov/pmc/articles/PMC13054624/
PMC13054675,10.1002/jcsm.70263,Underweight Status Amplifies Respiratory Infection Mortality in Diabetes: Findings From a Nationwide Cohort Study,2,3,1,"Table 2, Figure 1",https://www.ncbi.nlm.nih.gov/pmc/articles/PMC13054675/
PMC13055022,10.1080/07853890.2026.2652657,Cost-effectiveness of leadless versus transvenous single-chamber ventricular pacing: a propensity-weighted real-world study in France,2,5,1,"Table 2, Figure 2",https://www.ncbi.nlm.nih.gov/pmc/articles/PMC13055022/
PMC13055707,10.1161/JAHA.125.046694,Atherogenic Index of Plasma and Residual Risk in Anticoagulated Patients With Atrial Fibrillation: The Prospective Murcia Atrial Fibrillation Project III Cohort,3,4,1,Figure 3).According to Table 3,https://www.ncbi.nlm.nih.gov/pmc/articles/PMC13055707/
PMC13055116,10.1002/ajh.70225,Fixed-Duration Subcutaneous Mosunetuzumab in Relapsed/Refractory Follicular Lymphoma: Pivotal Phase 2 Primary Analysis,3,4,3,Table 2; Figure 2,https://www.ncbi.nlm.nih.gov/pmc/articles/PMC13055116/
PMC13055743,10.1161/JAHA.125.041416,Statin Use and Recurrent Atherosclerotic Cardiovascular Disease Events in Patients With Coronary Artery Intervention: A Retrospective Analysis From a Large Health Care Network,5,3,1,Table 2). Cumulative incidence function analysis (Figure 2,https://www.ncbi.nlm.nih.gov/pmc/articles/PMC13055743/
PMC13055666,10.1161/JAHA.125.045425,Aortic Valve Calcium Score Spectrum Identifies Bimodal Outcomes for Transcatheter Aortic Valve Implantation: Insights From the AMTRAC Registry,3,3,1,"Figure 3, Table 2",https://www.ncbi.nlm.nih.gov/pmc/articles/PMC13055666/
PMC13055777,10.1161/JAHA.125.046324,Impact of Perivascular Adipose Tissue Attenuation Around the Aortic Valve on Clinical Outcomes After Transcatheter Aortic Valve Replacement,5,4,2,Table 5 and Figure 3,https://www.ncbi.nlm.nih.gov/pmc/articles/PMC13055777/
PMC13055659,10.1161/JAHA.125.047724,Impact of Combined Anticoagulant and Antiplatelet Therapy in Older Patients With Atrial Fibrillation: ANAFIE Subanalysis,3,3,1,Figure 1). Baseline characteristics are shown in Table 1,https://www.ncbi.nlm.nih.gov/pmc/articles/PMC13055659/
PMC13055741,10.1161/JAHA.125.042404,Safety and Efficacy of Sodium Glucose Cotransporter-2 Inhibitors in Patients With Cancer and Diabetes,2,4,1,Table 2) (Figure 1,https://www.ncbi.nlm.nih.gov/pmc/articles/PMC13055741/
PMC13055815,10.1161/JAHA.125.043669,Survival Benefit of Heart–Kidney Versus Heart Transplant With or Without Delayed Kidney Transplant,4,4,1,Figure 1 and Table 1,https://www.ncbi.nlm.nih.gov/pmc/articles/PMC13055815/
PMC13055731,10.1161/JAHA.125.042202,"Placental Abruption, Preterm Delivery, and Cardiovascular Disease in Twin Offspring",5,3,2,Table 4 and Figure 3,https://www.ncbi.nlm.nih.gov/pmc/articles/PMC13055731/
PMC13055819,10.1161/JAHA.125.045151,Long-Term Clinical Outcomes of Acute Myocardial Infarction Based on Institutional Experience With IVUS,6,7,3,Table 4). These findings were corroborated by Kaplan–Meier survival analyses (Figure 3,https://www.ncbi.nlm.nih.gov/pmc/articles/PMC13055819/
PMC13055237,10.1128/spectrum.02438-25,"Antifungal potential of naphthoquinone derivatives: screening of shikonin-based compounds and mechanistic insights into 5,8-dihydroxy-1,4-naphthoquinone against Candida albicans in vitro and in vivo",3,9,1,"Table 2, we further performed GO functional enrichment analysis. Figure 6",https://www.ncbi.nlm.nih.gov/pmc/articles/PMC13055237/
PMC13055693,10.1161/JAHA.125.045541,Extended Anticoagulation Therapy With Rivaroxaban for Cancer-Associated Low-Risk Pulmonary Embolism According to Different Performance Status Scores: Insights From the ONCO PE Randomized Trial,2,3,1,"Figure 2A and Figure 2B, respectively.Table 2",https://www.ncbi.nlm.nih.gov/pmc/articles/PMC13055693/
PMC13055742,10.1161/JAHA.125.044572,Interplay of Pulmonary Hypertension and the Effects of Panel-Reactive Antibodies on Outcomes of Heart Transplant Recipients Bridged With Left Ventricular Assist Device,4,3,1,Figure 1). Table 1,https://www.ncbi.nlm.nih.gov/pmc/articles/PMC13055742/
PMC13055668,10.1161/JAHA.125.047438,Different Characteristics of Incidental Diffusion-Weighted Imaging-Positive Lesions and Recent Small Subcortical Infarct in Patients With Cerebral Small Vessel Disease,3,3,1,"Table 2, Figure 2",https://www.ncbi.nlm.nih.gov/pmc/articles/PMC13055668/
PMC13055713,10.1161/JAHA.124.040612,Multimorbidity in Atrial Fibrillation: Impact on Outcomes,2,2,2,Table 1; Figure 1,https://www.ncbi.nlm.nih.gov/pmc/articles/PMC13055713/
PMC13055753,10.1161/JAHA.125.045608,Atrial Fibrillation Versus Nonatrial Fibrillation Coronary Embolism: A Multicenter Study,6,3,1,Figure 3).Table 5,https://www.ncbi.nlm.nih.gov/pmc/articles/PMC13055753/
PMC13055718,10.1161/JAHA.125.045593,Insomnia and Incident Cardiovascular Disease in US Hispanic/Latino Adults: Results From HCHS/SOL,2,4,2,Table 1.Figure 1,https://www.ncbi.nlm.nih.gov/pmc/articles/PMC13055718/
PMC13055823,10.1161/JAHA.125.044906,Inadequate Preventive Dental Care Is Associated With Higher Cardiovascular Risk Identified by ECG-Based Artificial Intelligence Algorithms,3,3,1,"Figure 3], and HR, 1.35 [95% CI, 1.22–1.50], P<0.001, respectively [Table 3",https://www.ncbi.nlm.nih.gov/pmc/articles/PMC13055823/
PMC13055761,10.1161/JAHA.125.047068,Observed Versus Predicted Stroke Risk After Transient Ischemic Attack: A Post Hoc Analysis of a Randomized Clinical Trial,1,2,1,Figure 1).Table 1,https://www.ncbi.nlm.nih.gov/pmc/articles/PMC13055761/
PMC13059031,10.1080/07853890.2025.2553213,Influence of MTHFD1L variants on the susceptibility to hypertension in the Chinese Han population,5,2,1,Table 4 and Figure 1,https://www.ncbi.nlm.nih.gov/pmc/articles/PMC13059031/
PMC13061083,10.2478/aiht-2026-77-4077,Noise exposure patterns and health risk assessment among nurses in a Chinese paediatric intensive care unit,6,8,4,Figure 5) and aging.Table 5,https://www.ncbi.nlm.nih.gov/pmc/articles/PMC13061083/
PMC13059147,10.1186/s12916-026-04751-w,Anticholinergic drug burden and incident cardiovascular events: a population-based study,3,2,1,Table 2). Figure 2,https://www.ncbi.nlm.nih.gov/pmc/articles/PMC13059147/
PMC13055539,10.3389/fcimb.2026.1692527,Analysis of risk factors for latent tuberculosis infection among type 2 diabetics: a hospital-based multicenter cross-sectional study,3,2,1,Figure 1; Supplementary Table 1,https://www.ncbi.nlm.nih.gov/pmc/articles/PMC13055539/
PMC13054619,10.1001/jamanetworkopen.2026.5122,"Race, Structural Racism, and Prevalence of Diabetes in US Neighborhoods",3,2,1,Table 3 and Figure 2,https://www.ncbi.nlm.nih.gov/pmc/articles/PMC13054619/
PMC13055562,10.3389/fimmu.2026.1662405,Pharmacovigilance analysis of infliximab in inflammatory bowel disease: novel safety signals and sex-specific adverse event profiles from the FAERS database (2004–2024),4,9,2,"Table 4, Figure 9",https://www.ncbi.nlm.nih.gov/pmc/articles/PMC13055562/
PMC13054672,10.1002/jcsm.70265,Higher Grip Strength Is Associated With Reduced Risk of Incident Symptomatic Hand Osteoarthritis: Data From Two Cohort Studies,2,4,1,Figure 3A–C).TABLE 1,https://www.ncbi.nlm.nih.gov/pmc/articles/PMC13054672/
PMC13055466,10.1161/JAHA.125.043901,Association of the Naples Prognostic Score With Functional Outcomes and the Mediating Effects of PhenoAge Acceleration in Patients With Acute Ischemic Stroke or Transient Ischemic Attack: A Nationwide Registry Study,4,4,1,Figure 1). The baseline characteristics are presented in Table 1,https://www.ncbi.nlm.nih.gov/pmc/articles/PMC13055466/
PMC13053845,10.1182/bloodadvances.2025018491,Primary refractory disease in large B-cell lymphoma: definition and outcomes from a secondary analysis of the LY.12 clinical trial,1,1,2,Figure 1D; supplemental Table 2,https://www.ncbi.nlm.nih.gov/pmc/articles/PMC13053845/
PMC13053633,10.1111/ajco.70063,Real-World Survival Outcomes in EGFR-Mutant Advanced NSCLC Treated With EGFR TKIs: Insights From a Single-Center Clinical Data Warehouse Analysis in South Korea,3,3,1,Table 3).FIGURE 2,https://www.ncbi.nlm.nih.gov/pmc/articles/PMC13053633/
PMC13050949,10.3389/fmed.2026.1795717,The association between preoperative chronic pain and postoperative delirium in elderly patients undergoing elective orthopedic surgery,4,3,2,Figure 2 and Table 2,https://www.ncbi.nlm.nih.gov/pmc/articles/PMC13050949/
PMC13050951,10.3389/fimmu.2026.1765979,Integrative profiling of lactylation reveals prognostic biomarkers and an immunosuppressive niche in acute myeloid leukemia,2,11,6,"Figure 3E, Supplementary Table 5",https://www.ncbi.nlm.nih.gov/pmc/articles/PMC13050951/
PMC13051825,10.1155/jonm/6631036,Seasonal and Regional Variations in Nursing Workload in French Intensive Care Units: A National Study Using the Nursing Activities Score,1,6,2,"Figure 1), and the main characteristics of the participating ICUs are displayed in Table 1",https://www.ncbi.nlm.nih.gov/pmc/articles/PMC13051825/
PMC13051954,10.1111/1475-6773.70113,Comparing Alternative Approaches to Care Management Prioritization: A Prospective Comparative Cohort Study of Acute Care Utilization and Equity Among Medicaid Beneficiaries,2,4,1,Table 7).FIGURE 4,https://www.ncbi.nlm.nih.gov/pmc/articles/PMC13051954/
PMC13052923,10.1097/MD.0000000000048178,Association of genetically determined plasma hepatocyte growth factor with lung cancer and its subtypes: Mendelian randomization and mediation analysis,3,3,1,Table 1). As shown in Figure 1,https://www.ncbi.nlm.nih.gov/pmc/articles/PMC13052923/
PMC13061086,10.2478/aiht-2026-77-4030,Public awareness of microplastic pollution among residents of a western Turkish province and how it is reflected in demographics and behavioural practices,5,4,1,Figure 4How many participants find that microplastics is present in household productsTable 2,https://www.ncbi.nlm.nih.gov/pmc/articles/PMC13061086/
PMC13056478,10.1111/os.70293,"The Lateral Alignment Angle: A Novel Method for Evaluating Lateral Patellar Tilt With High Accuracy, Good Reproducibility, and Independence From Patellofemoral Joint Morphology",6,8,1,Table 6.FIGURE 6,https://www.ncbi.nlm.nih.gov/pmc/articles/PMC13056478/
PMC13058778,10.1111/jgh.70295,Impact of Diet and Drugs on Fecal Lachnoclostridium Gene Marker (m3) in Non-Invasive Diagnosis of Colorectal Neoplasia,3,4,1,Figure 1F).TABLE 1,https://www.ncbi.nlm.nih.gov/pmc/articles/PMC13058778/
PMC13057013,10.1038/s41598-026-40798-8,A novel multi-module neural networks strategy of human emotion recognition in the human-robot interaction,10,33,1,Figure 33; Table 10,https://www.ncbi.nlm.nih.gov/pmc/articles/PMC13057013/
PMC13059056,10.1111/ddg.15900,Robustness of a convolutional neural network trained on dermoscopic images and challenged with close-up images,2,3,3,"Table 1, Figure 1",https://www.ncbi.nlm.nih.gov/pmc/articles/PMC13059056/
PMC13057422,10.3389/fpsyt.2026.1767219,Prevalence and influencing factors associated with the risk of malnutrition among long-term inpatients with schizophrenia in China,4,1,1,Figure 1).Table 4,https://www.ncbi.nlm.nih.gov/pmc/articles/PMC13057422/
PMC13059205,10.3389/fmed.2026.1730240,Association between complete blood cell count-derived inflammatory indices and left atrial thrombus in patients with nonvalvular atrial fibrillation: a cross-sectional study,4,4,2,Table 1). The distribution patterns of inflammatory indices are shown in Figure 2,https://www.ncbi.nlm.nih.gov/pmc/articles/PMC13059205/
PMC13055512,10.3389/fcimb.2026.1737753,CT-based radiomics models for predicting the prognosis of children with mycoplasma pneumonia,2,5,2,Table 2; Figure 4,https://www.ncbi.nlm.nih.gov/pmc/articles/PMC13055512/
PMC13053256,10.3389/fimmu.2026.1766322,Aberrant long-chain fatty acids metabolism and its interplay with immuno-inflammatory responses in relapsing-remitting multiple sclerosis,1,8,2,"Figure 3A, Supplementary Table 1",https://www.ncbi.nlm.nih.gov/pmc/articles/PMC13053256/
PMC13055194,10.1002/pro.70548,MAVISp: A modular structure-based framework for protein variant effects,1,6,3,Figure 3 and Table 1,https://www.ncbi.nlm.nih.gov/pmc/articles/PMC13055194/
PMC13053978,10.1177/00368504251363660,Measurement of precipitated calcium citrate in 24-hour urine samples is clinically useful for ruling out calcium oxalate urolithiasis,5,8,1,Figure 5 shows the STARD flow diagram of the present study. Table 4,https://www.ncbi.nlm.nih.gov/pmc/articles/PMC13053978/
PMC13054670,10.1002/jcsm.70273,Validity of Bioelectrical Impedance Analysis for the Assessment of Body Composition in Patients With Systemic Sclerosis,4,4,1,Table 1.FIGURE 1,https://www.ncbi.nlm.nih.gov/pmc/articles/PMC13054670/
PMC13055026,10.1080/0886022X.2026.2641853,A multimodal predictive model incorporating transcriptomic-guided blood biomarkers and clinical variables for sepsis-associated acute kidney injury,7,7,2,Table 1 and Figure 2,https://www.ncbi.nlm.nih.gov/pmc/articles/PMC13055026/
PMC13055340,10.1136/openhrt-2025-003537,Prognostic value of cardiac fibroblast activation heterogeneity assessed by FAPI PET radiomics in hypertrophic cardiomyopathy: a proof-of-concept study,2,5,1,figure 2). The specific parameters are shown in table 2,https://www.ncbi.nlm.nih.gov/pmc/articles/PMC13055340/
PMC13053453,10.1007/s10266-025-01142-0,Admission prognostic nutritional index predicts prolonged hospitalization in severe odontogenic deep neck infections,5,2,1,Table 4). Figure 2,https://www.ncbi.nlm.nih.gov/pmc/articles/PMC13053453/
PMC13053433,10.1007/s10877-025-01388-7,Transcranial doppler assessment of preoperative cerebral blood flow velocity in cardiac surgery patients,2,4,1,"Table 1, and transcranial Doppler measurements in Table 2. Figure 3",https://www.ncbi.nlm.nih.gov/pmc/articles/PMC13053433/
PMC13051087,10.1177/00368504261441729,Creatinine-to-albumin ratio for early ICU-course (first 24 hours) risk stratification of mortality in critically ill patients with gastrointestinal bleeding: A retrospective cohort study,3,5,3,Figure 3; Table 3,https://www.ncbi.nlm.nih.gov/pmc/articles/PMC13051087/
PMC13051855,10.1155/jdr/4525736,Machine Learning–Based Prediction Model Construction for Type 2 Diabetes Mellitus: A Comparison of Algorithms and Multilevel Risk Factor Analysis,4,4,3,"Figure 1, and the baseline of participants is shown in Table 2",https://www.ncbi.nlm.nih.gov/pmc/articles/PMC13051855/
PMC13051415,10.1002/jcp.70166,Role of Chitinase 3–like-1 in Myelofibrosis via Fibroblast-Produced Extracellular Matrix Enhancement,2,6,1,"Figure 4A, Table 2",https://www.ncbi.nlm.nih.gov/pmc/articles/PMC13051415/
PMC13051419,10.1111/echo.70429,PLAX-Only M-Mode Scoring System for Risk Stratification of Moderate-to-Severe Left Ventricular Diastolic Dysfunction: A Retrospective Diagnostic Study,5,5,1,"Figure 3, Table 5",https://www.ncbi.nlm.nih.gov/pmc/articles/PMC13051419/
PMC13052967,10.1097/MD.0000000000048195,Performance of low-cost noninvasive blood markers of liver cirrhosis in adults with chronic hepatitis B infection with and without comorbid alcohol use in Zambia: A cross-sectional hospital-based study,4,2,1,Figure 2 and Table 3,https://www.ncbi.nlm.nih.gov/pmc/articles/PMC13052967/
PMC13052974,10.1097/MD.0000000000048270,Prediction model for frailty risk in ischemic stroke patients: Application and validation of support vector machines and nomograms,3,6,1,Figure 1.Table 1,https://www.ncbi.nlm.nih.gov/pmc/articles/PMC13052974/
PMC13052746,10.1136/fmch-2025-003579,Functional Independence Measure assessed early after admission predicts home discharge in older adults admitted to acute general medical wards: a retrospective cohort study,4,1,1,table 210.1136/fmch-2025-003579online supplemental figure 1,https://www.ncbi.nlm.nih.gov/pmc/articles/PMC13052746/
PMC13050681,10.1111/ejh.70122,Host Transcriptomics and Culture-Independent Testing for the Management of Febrile Neutropenia: Data From an Observational Study Conducted in a Bone Marrow Transplant Unit,3,1,1,Table 3 and Figure 1,https://www.ncbi.nlm.nih.gov/pmc/articles/PMC13050681/
PMC13052817,10.1136/bmjophth-2026-002727,External validation and updating of DIGIROP prediction models including parenteral nutrition for treatment-requiring retinopathy of prematurity in a Swedish national cohort,2,3,1,figure 3. The AUC ranged between 0.89–0.93.Table 2,https://www.ncbi.nlm.nih.gov/pmc/articles/PMC13052817/
PMC13052816,10.1136/bmjopen-2025-106135,Retinal vascular phenotyping for early detection of coronary artery disease: quantitative assessment and diagnostic modelling,7,4,1,table 7 and figure 3,https://www.ncbi.nlm.nih.gov/pmc/articles/PMC13052816/
PMC13052774,10.1136/bmjopen-2024-094809,"Comparison of the identification and practicability of non-invasive diagnostic indicators under NAFLD, MAFLD and MASLD in China: a cross-sectional study",2,4,1,Table 2 and figure 3,https://www.ncbi.nlm.nih.gov/pmc/articles/PMC13052774/
PMC13050133,10.12659/MSM.951183,Development and Validation of a Predictive Model Combining [18F] FDG PET/CT and the Suidan Score for Primary Optimal Cytoreduction in Advanced High-Grade Serous Ovarian Cancer: A Retrospective Cohort Study,2,5,2,Table 1).Validation of the Predicting ModelsFigure 4,https://www.ncbi.nlm.nih.gov/pmc/articles/PMC13050133/
PMC13049861,10.1186/s12911-026-03382-8,Incisional hernia prediction using machine learning models,3,7,1,Figure 2 show the ROC curve for XGboost model.Table 2,https://www.ncbi.nlm.nih.gov/pmc/articles/PMC13049861/
PMC13047100,10.3389/fpsyt.2026.1725598,Therapeutic potential of low-frequency transcranial magnetic stimulation in children with autism spectrum disorder: sensory and behavioral outcomes—a randomized trial,5,3,1,Table 5 and Figure 3,https://www.ncbi.nlm.nih.gov/pmc/articles/PMC13047100/
PMC13046527,10.3389/fonc.2026.1780850,Association between amide proton transfer-weighted imaging biomarkers and Gleason score in prostate cancer: a study on differential diagnosis from benign prostatic hyperplasia,2,6,1,"Table 2, Figure 2",https://www.ncbi.nlm.nih.gov/pmc/articles/PMC13046527/
PMC13056603,10.3389/fnins.2026.1799528,Evaluating post-concussion symptom profiles using the convergence insufficiency symptom survey in a pediatric and adolescent cohort,5,5,1,Figure 4).Table 4,https://www.ncbi.nlm.nih.gov/pmc/articles/PMC13056603/
PMC13055767,10.1161/JAHA.124.040933,Effects of Increasing Total Fruit Intake With Avocado and Mango on Endothelial Function and Cardiometabolic Risk Factors in Adults With Prediabetes,3,4,2,Table 2 and Figure 3,https://www.ncbi.nlm.nih.gov/pmc/articles/PMC13055767/
PMC13050879,10.3389/fnins.2026.1766883,APCformer: an aggregation-perception enhanced convolutional transformer network for MI-EEG decoding,4,14,1,Table 1.Figure 1,https://www.ncbi.nlm.nih.gov/pmc/articles/PMC13050879/
PMC13056280,10.4103/aam.aam_129_25,Clinical and Angiographic Profile of Acute Coronary Syndrome in Adults Under 40 Years: A Cross-sectional Observational Study,2,5,2,Figure 3 and Table 1,https://www.ncbi.nlm.nih.gov/pmc/articles/PMC13056280/
PMC13050950,10.3389/fimmu.2026.1759765,Engineered Lactobacillus casei targets the IgT-pIgR axis to confer mucosal protection against Aeromonas veronii in snakehead (Channa argus),4,10,1,"Table 4, Figure 3",https://www.ncbi.nlm.nih.gov/pmc/articles/PMC13050950/
PMC13051914,10.1002/alz.71325,Modeling small vessel disease burden and vascular dementia likelihood from NACC data,3,5,1,Table 1.FIGURE 1,https://www.ncbi.nlm.nih.gov/pmc/articles/PMC13051914/
PMC13052338,10.1002/jcla.70188,"Establishment of Reference Interval for CA72-4 in Healthy Adults in Shenzhen, China",5,4,1,"Table 1), quantifying the right-skewed and heavy-tailed nature of the distribution.FIGURE 1",https://www.ncbi.nlm.nih.gov/pmc/articles/PMC13052338/
PMC13050145,10.1093/icvts/ivag071,Efficacy of Non-Powered Stapler in Lung Volume Reduction Surgery of Severe Lung Emphysema: A Prospective Randomized Single-Blinded Monocentric Study,4,4,2,"Figure 1, Table 3",https://www.ncbi.nlm.nih.gov/pmc/articles/PMC13050145/
PMC13052465,10.1111/jfb.70272,Spatial habitat partitioning enables coexistence of three Gobiidae species in estuarine environments,4,5,1,Figure 5).3.4Prey resourcesMesozooplankton comprised nine different taxa (Table 3,https://www.ncbi.nlm.nih.gov/pmc/articles/PMC13052465/
PMC13049273,10.1002/mrm.70273,On-Scanner Correction of Gradient Nonlinearity Bias for Accurate Assessment of Diffusion Heterogeneity Across Bone Sites in Myelofibrosis Patients,1,4,2,Table 1 and Figure 4,https://www.ncbi.nlm.nih.gov/pmc/articles/PMC13049273/
PMC13046529,10.3389/fendo.2026.1745992,Post-ACTH peak cortisol response is associated with genotype in children with nonclassic congenital adrenal hyperplasia,3,3,2,Figure 2; Table 3,https://www.ncbi.nlm.nih.gov/pmc/articles/PMC13046529/
PMC13038904,10.3389/fnins.2026.1753131,Long-term follow-up of insomnia patients: symptom trajectories and predictors of treatment outcomes in a mobile-based CBT-I program,3,3,3,Table 1).Figure 1,https://www.ncbi.nlm.nih.gov/pmc/articles/PMC13038904/
PMC13038969,10.3389/fimmu.2026.1761129,Comprehensive circRNA profiling of platelets and exosomes identifies hsa_circ_0061274 as a novel biomarker for lung adenocarcinoma,5,5,4,Figure 2B).Table 1,https://www.ncbi.nlm.nih.gov/pmc/articles/PMC13038969/
PMC13042801,10.1002/jcla.70173,Strategies for Monitoring Serum Protein Degradation With an Antibody Array-Based Technology,2,3,1,Table 2).FIGURE 2,https://www.ncbi.nlm.nih.gov/pmc/articles/PMC13042801/
PMC13041608,10.2967/jnumed.125.270233,Malignancy Detection Rates of [68Ga]Ga-SSO120 PET/CT in Patients with Small Cell Lung Cancer and Large Cell Neuroendocrine Lung Cancer,2,6,1,"Table 3). Notably, large interpatient variability was observed in the parotid glands.FIGURE 5",https://www.ncbi.nlm.nih.gov/pmc/articles/PMC13041608/
PMC13037437,10.1080/23723556.2026.2650223,Exploration of the diagnostic and therapeutic potential of the nucleocytoplasmic shuttling protein TMUB1 by inducing G0/G1 cell cycle arrest in ovarian cancer,1,6,1,"Figure 2E, Additional file 2:Table S1).Table 1",https://www.ncbi.nlm.nih.gov/pmc/articles/PMC13037437/
PMC13041249,10.2463/mrms.mp.2025-0045,Diagnostic Potential of Macromolecular Proton Fraction Mapping Combined with Quantitative Susceptibility Mapping as a Subcortical Biomarker for Parkinson’s Disease,5,6,2,Table 2. Figure 3,https://www.ncbi.nlm.nih.gov/pmc/articles/PMC13041249/
PMC13035449,10.1111/apm.70189,"Correlation of 
TP53
 Mutations With p53 Expression and Ki-67 Index in Pulmonary Large Cell Neuroendocrine Carcinomas",3,5,1,Table 2.FIGURE 4,https://www.ncbi.nlm.nih.gov/pmc/articles/PMC13035449/
PMC13035726,10.1007/s10237-026-02044-y,Genetic algorithm-based optimization of columella shape with FEM surrogate modeling: convergence analysis and application to ossicular chain reconstruction,9,12,1,Table 2(a). Figure 7,https://www.ncbi.nlm.nih.gov/pmc/articles/PMC13035726/
PMC13034866,10.7717/peerj.20895,"Hiding in plain sight: description of a new species of Nyctibatrachus (Amphibia, Anura, Nyctibatrachidae) from the central Western Ghats, India",5,8,1,Table 3.10.7717/peerj.20895/fig-6Figure 6,https://www.ncbi.nlm.nih.gov/pmc/articles/PMC13034866/
PMC13033559,10.3389/fimmu.2026.1745166,Presence of neutrophil extracellular traps (NETs) in different types of human urinary tract infections (UTI). A pilot study,3,9,1,Figure 5). Positive samples were counted and compared per (sub)group (Table 3,https://www.ncbi.nlm.nih.gov/pmc/articles/PMC13033559/
PMC13033571,10.3389/fmed.2026.1793831,The gut microbiota and plasma metabolites on functional dyspepsia: a study integrating Mendelian randomization and experimental validation,1,5,2,Table 1; Figure 2,https://www.ncbi.nlm.nih.gov/pmc/articles/PMC13033571/
PMC12698772,10.1007/s13402-025-01113-1,Machine learning-based development of a cytotoxicity prediction model for NK cell therapy in cancers,28,8,7,"Figure 3B, Table 4",https://www.ncbi.nlm.nih.gov/pmc/articles/PMC12698772/
PMC13053236,10.3389/fimmu.2025.1673604,"Dietary Bazhen San solid-state fermentation product improves laying performance, immunity and intestinal health in laying hens during the late laying period",4,7,1,Figure 3 and Table 4,https://www.ncbi.nlm.nih.gov/pmc/articles/PMC13053236/
PMC13054191,10.3389/fpubh.2026.1788314,"The pathogen spectrum of influenza-like illness in Guilin, China, 2023–2024",1,7,1,Table 1; Figure 4,https://www.ncbi.nlm.nih.gov/pmc/articles/PMC13054191/
PMC13056298,10.4103/aam.aam_152_24,"Ultrasonography in the Diagnosis of Surgical Acute Abdomen in Zaria, Nigeria",5,4,3,Table 1]. Pediatric subjects (<14 years of age) constituted 30.8% of all subjects [Figure 1,https://www.ncbi.nlm.nih.gov/pmc/articles/PMC13056298/
PMC13051772,10.3389/fmed.2026.1787448,Global trends and hotspots of natural medicines for pathological scar treatment: a visualized bibliometric analysis (2008–2025),5,9,1,Figure 6. Table 4,https://www.ncbi.nlm.nih.gov/pmc/articles/PMC13051772/
PMC13050386,10.1111/idh.70028,Oral Hygiene Recommendations From Orthodontists to Orthodontic Patients,5,3,13,Figure 1 and Table 3,https://www.ncbi.nlm.nih.gov/pmc/articles/PMC13050386/
PMC13047839,10.3389/fpubh.2026.1781008,Artificial intelligence driven transformation of pediatric eye health education based on bibliometric analysis and a cross-sectional survey,5,8,1,Table 1.Figure 4,https://www.ncbi.nlm.nih.gov/pmc/articles/PMC13047839/
PMC13046716,10.3389/fimmu.2026.1774717,A multi-epitope approach for development of a universal vaccine against leptospirosis,5,6,3,"Figure 1B, Supplementary Table 3",https://www.ncbi.nlm.nih.gov/pmc/articles/PMC13046716/
PMC13046715,10.3389/fmed.2026.1744929,Mapping the knowledge domain: a bibliometric analysis of global research on traditional Chinese medicine for non-alcoholic fatty liver disease (2000–2024),5,7,2,Table 3 and Figure 4,https://www.ncbi.nlm.nih.gov/pmc/articles/PMC13046715/
PMC13055736,10.1161/JAHA.125.043223,Timeliness of Care for Transferred and Directly Admitted Patients With Anticoagulation-Associated Intracerebral Hemorrhage,4,2,1,Figure 1). Patient characteristics are shown in Table 1,https://www.ncbi.nlm.nih.gov/pmc/articles/PMC13055736/
PMC13055667,10.1161/JAHA.125.045020,Coronary Endothelial Dysfunction Is Associated With Major Depressive Disorder in Men With Chest Pain and Nonobstructive Coronary Artery Disease,4,3,1,Figure 1Schematic demonstrating patient flow.Table 1,https://www.ncbi.nlm.nih.gov/pmc/articles/PMC13055667/
PMC13039036,10.3389/fimmu.2026.1770119,CX3CR1 identifies a potent effector CD8+ T cell subset associated with anti-PD-1 therapeutic efficacy in colorectal cancer,2,6,1,Table 2; Supplementary Figure 1,https://www.ncbi.nlm.nih.gov/pmc/articles/PMC13039036/
PMC13043091,10.1172/jci.insight.193172,Macrophages expressing macrophage receptor with collagen structure attenuate liver fibrosis through a tissue restoration phenotype,1,7,1,Figure 3C and Table 1,https://www.ncbi.nlm.nih.gov/pmc/articles/PMC13043091/
PMC13040422,10.1002/dta.70046,Isomer Composition Assessment of Synthetic Phosphatidylethanol by Collision-Induced and Ozone-Induced Dissociation Mass Spectrometry,2,4,3,Figure 3; see Figure 4 and Table 2,https://www.ncbi.nlm.nih.gov/pmc/articles/PMC13040422/
PMC13043102,10.1172/jci.insight.189825,Combined single-cell transcriptome and immune repertoire analysis reveals hepatic and renal immune injury by heat stroke,1,7,6,Figure 1A and Table 1,https://www.ncbi.nlm.nih.gov/pmc/articles/PMC13043102/
PMC13042687,10.1002/advs.202509784,Immune Predictors of Radiotherapy Outcomes in Cervical Cancer,3,7,1,"Figure 7D,E and Table 3",https://www.ncbi.nlm.nih.gov/pmc/articles/PMC13042687/
PMC13037517,10.2147/IJGM.S572336,Refractive Errors and Ocular Biometric Parameters in Children with Autism Spectrum Disorder in Handan: A Cross-Sectional Study,3,3,3,Figure 1 and Supplementary Table 1,https://www.ncbi.nlm.nih.gov/pmc/articles/PMC13037517/
PMC13033493,10.3389/fpubh.2026.1790766,The “Futile Labour” Paradox: occupational physical activity fails to offset diabetes burden and is associated with microvascular stress signals in rural older adults,6,3,1,Table 2). As illustrated in Figure 2,https://www.ncbi.nlm.nih.gov/pmc/articles/PMC13033493/
PMC13027428,10.3390/medsci14010128,The Signal in the Extreme: A Systematic Outlier Framework Identifies Discrete Immunometabolic Subtypes in Human and Cellular Models,17,16,2,"Figure 8c, Table 10",https://www.ncbi.nlm.nih.gov/pmc/articles/PMC13027428/
PMC13017333,10.3389/fmed.2026.1773937,Dysregulated metabolic homeostasis as a unifying death mechanism underlying the diverse clinical manifestations of COVID-19: insights from a retrospective analysis of sequential blood variables,2,3,3,"Figure 2B and Tables 1, 2).TABLE 1",https://www.ncbi.nlm.nih.gov/pmc/articles/PMC13017333/
PMC13012993,10.3389/fendo.2026.1771955,DPA/AA ratio as a potential biomarker of primary aldosteronism in young and middle-aged adults,3,7,1,"Table 2 and presented visually as forest plots in Figures 4, 5.Figure 4",https://www.ncbi.nlm.nih.gov/pmc/articles/PMC13012993/
PMC13058238,10.1111/irv.70132,"Evaluating COVID-19 Transmission in a Series of Cases and Contacts in Three Municipalities of Colombia: Insights From the WHO First Few X Protocol, August 2020–January 2021",5,3,1,Table 3).FIGURE 2,https://www.ncbi.nlm.nih.gov/pmc/articles/PMC13058238/
PMC13053284,10.3389/fnut.2026.1768938,Alterations in whole-brain white matter structural network among females with abdominal obesity by appetite subtypes,2,6,2,Table 1).Figure 2,https://www.ncbi.nlm.nih.gov/pmc/articles/PMC13053284/
PMC13058791,10.1111/jgh.70294,A Novel Fibroblast Activation Protein-Based Algorithm to Assess Fibrosis in Metabolic Dysfunction–Associated Steatotic Liver Disease,3,3,8,"Table 2, Supplementary Figure 2",https://www.ncbi.nlm.nih.gov/pmc/articles/PMC13058791/
PMC13055188,10.5935/1518-0557.20250159,"Impact of Short-Term Abstinence on Semen Quality and Oxidative Stress
in Men with Suboptimal Semen Parameters: A Prospective Observational Study at a
Tertiary IVF Centre",5,1,1,"Figure
1 and Table 4",https://www.ncbi.nlm.nih.gov/pmc/articles/PMC13055188/
PMC13054459,10.1002/art.43437,Immunologic Profiling Suggests an Association Between Treg Cell Dysfunction and Pain in Knee Osteoarthritis,1,4,1,Table 1). The study design is summarized in Figure 1,https://www.ncbi.nlm.nih.gov/pmc/articles/PMC13054459/
PMC13054456,10.1002/art.43433,"Distinct Effects of Complement 
C4A
 and 
C4B
 Copy Numbers in Systemic Sclerosis Serological and Clinical Subtypes",2,3,1,"Figure 1, Table 1",https://www.ncbi.nlm.nih.gov/pmc/articles/PMC13054456/
PMC13050657,10.3389/fimmu.2026.1803430,A cross-sectional examination of immune adaptations during pregnancy in the ECHO Cohort,1,3,2,Figure 3 and Supplementary Table 3,https://www.ncbi.nlm.nih.gov/pmc/articles/PMC13050657/
PMC13050948,10.3389/fimmu.2026.1786502,Crosstalk between NRP1 and autophagy in the tumor microenvironment: from molecular mechanisms to therapeutic targeting,6,9,1,Figure 1). The unique structure of NRP1 enables it to receive multiple signals (Table 1,https://www.ncbi.nlm.nih.gov/pmc/articles/PMC13050948/
PMC13052327,10.1111/acel.70469,Plasma Proteomic Profiling of Young and Older Adults Identifies Candidate Biomarkers of Biological Aging at the Intersection of Age and Disease,1,5,1,Figure 1 and Table 1,https://www.ncbi.nlm.nih.gov/pmc/articles/PMC13052327/
PMC13050256,10.2147/JPR.S583466,Data Mining of Acupuncture Prescriptions for Lateral Epicondylitis: A Literature-Based Analysis of Acupoint Patterns and Parameters,10,9,5,Table 6. Figure 2,https://www.ncbi.nlm.nih.gov/pmc/articles/PMC13050256/
PMC13051873,10.1111/bpa.70064,Microglial reactivity and nodule formation are associated with Synaptodendritic damage in the brains of people with HIV-1,3,5,1,Table 3.TABLE 3Donor demographics data for Figure 2,https://www.ncbi.nlm.nih.gov/pmc/articles/PMC13051873/
PMC13046551,10.3389/fendo.2026.1778600,Hybrid PET/fMRI reveals interactive effects of T2DM and MCI on cerebral glucose metabolism and ALFF,3,6,2,"Figure 1, with detailed information on the peak metabolic differences provided in Table 2",https://www.ncbi.nlm.nih.gov/pmc/articles/PMC13046551/
PMC13049281,10.1002/mrm.70300,Complementary Sensitivity of Fixed-Time and Fixed-Oscillation Regimes to Exchange and Structural Disorder in the Human Brain Revealed Using Oscillating-Gradient Diffusion MRI With Ultra-Strong Gradients,1,6,1,"Figure 2, Table 1",https://www.ncbi.nlm.nih.gov/pmc/articles/PMC13049281/
PMC13047420,10.1002/jor.70198,Metal Fatigue Fracture After Revision Total Knee Arthroplasty: A Retrieval Analysis,3,14,1,Table 3.Figure 12,https://www.ncbi.nlm.nih.gov/pmc/articles/PMC13047420/
PMC13047470,10.1002/ajpa.70235,Secular Changes in Cranial Morphology and Pattern of Sexual Dimorphism in Modern Japanese: A Geometric Morphometric Analysis Using Post-Mortem Computed Tomography Data,1,5,1,"Figure 1, Table 1",https://www.ncbi.nlm.nih.gov/pmc/articles/PMC13047470/
PMC13044080,10.3389/fpubh.2026.1800385,"Wastewater-based epidemiology to enhance public health preparedness and response during large-scale events: experiences from the 2024 Republican and Democratic National Conventions – Milwaukee, WI and Chicago, IL",2,4,1,Table 2; Figure 2,https://www.ncbi.nlm.nih.gov/pmc/articles/PMC13044080/
PMC13045561,10.3389/fneur.2026.1723099,Hyperintense acute reperfusion marker (HARM) and thrombus analysis in acute ischemic stroke,2,4,2,Figure 3d; Table 2,https://www.ncbi.nlm.nih.gov/pmc/articles/PMC13045561/
PMC13043365,10.3389/fendo.2026.1786303,Disentangling metabolic impairment in the liver-heart axis: tissue-specific insulin sensitivity in type 2 diabetes,3,5,1,"Table 1, which displayed no statistically significant differences among phenotypes.Figure 2",https://www.ncbi.nlm.nih.gov/pmc/articles/PMC13043365/
PMC13061413,10.7554/eLife.100592,Permissive and instructive Hox codes govern limb positioning,5,4,5,"Figure 1B–E, Table 1",https://www.ncbi.nlm.nih.gov/pmc/articles/PMC13061413/
PMC13059960,10.1136/bmjopen-2025-111360,Performance of artificial intelligence in breast cancer screening programmes: a systematic review,2,2,1,table 2 and figure 1,https://www.ncbi.nlm.nih.gov/pmc/articles/PMC13059960/
PMC13061524,10.1097/PR9.0000000000001435,White matter microstructure of sensorimotor projection fibers in chronic low back pain,2,3,1,Figure 2 and Table 2,https://www.ncbi.nlm.nih.gov/pmc/articles/PMC13061524/
PMC13058222,10.1155/da/6470779,Effects of High-Frequency rTMS Combined With Physical Exercise on Mood Disorders in Patients With Methamphetamine Use Disorder: A Randomized Clinical Trial,1,10,1,Table 1).Figure 1,https://www.ncbi.nlm.nih.gov/pmc/articles/PMC13058222/
PMC13054792,10.2196/78300,Deep Learning for Content-Based Medical Image Retrieval in Picture Archiving and Communication Systems for Brain Tumor Detection: Algorithm Development and Validation,6,8,3,Figure 1.Table 1,https://www.ncbi.nlm.nih.gov/pmc/articles/PMC13054792/
PMC13056363,10.7554/eLife.109644,Separating selection from mutation in antibody language models,6,12,7,Figure 2a). This resulted in around 2 million PCPs that were used for training (Table 1,https://www.ncbi.nlm.nih.gov/pmc/articles/PMC13056363/
PMC13055480,10.1161/JAHA.125.045175,Fibroblast Growth Factor 23 as a Prognostic Biomarker in Post-Myocardial Infarction Outcomes: Influence of Renal Function and Its Modulation by Klotho,3,7,2,Figure 3C and 3F; Table 2,https://www.ncbi.nlm.nih.gov/pmc/articles/PMC13055480/
PMC13055446,10.1161/JAHA.125.044333,"TEERAI-Pre: A Multiview Artificial Intelligence Model for Preoperative Assessment of Transcatheter Edge-to-Edge Mitral Valve Repair Using Multiview, Multimodal Echocardiography",6,5,1,Table 5 and Figure 4,https://www.ncbi.nlm.nih.gov/pmc/articles/PMC13055446/
PMC13056408,10.1097/BRS.0000000000005639,Automated Detection of Cervical Spinal Cord Compression on MRI Using YOLO11 Deep Learning Architecture,6,7,2,"Table 6, Figure 5",https://www.ncbi.nlm.nih.gov/pmc/articles/PMC13056408/
PMC13055739,10.1161/JAHA.125.046619,Computed Tomography Radiomic Signatures Associated With Neutrophil Extracellular Trap Enrichment and First-Pass Outcome in Ischemic Stroke Thrombi,4,3,2,"Figure 1A and 1B, Table 2",https://www.ncbi.nlm.nih.gov/pmc/articles/PMC13055739/
PMC13050389,10.1111/idh.12885,The Association of Periodontitis With Cardiovascular Disease Parameters: A Synthesis of Systematic Reviews,6,1,1,FIGURE 1Search and selection results.TABLE 2,https://www.ncbi.nlm.nih.gov/pmc/articles/PMC13050389/
PMC13038366,10.1308/rcsann.2025.0107,Foley catheter balloon tamponade for actively bleeding wounds following penetrating neck injury: a systematic review and meta-analysis,5,5,2,Figure 3 Rate of surgical exploration among successful Foley catheter balloon tamponadeTable 4,https://www.ncbi.nlm.nih.gov/pmc/articles/PMC13038366/
PMC13037647,10.2147/JPR.S577411,Comparative Efficacy of Regional Analgesic Interventions in Open versus Laparoscopic Hepatic Surgery: A Network Meta-Analysis,6,9,4,"Figure 6, Supplementary Material 5.3 and summary rankings are presented in Table 5",https://www.ncbi.nlm.nih.gov/pmc/articles/PMC13037647/
PMC13058679,10.1111/aos.70005,Characterising PRPF31-associated retinal dystrophy: Clinical insights from baseline data in a natural history study,3,4,1,Figure 1).TABLE 1,https://www.ncbi.nlm.nih.gov/pmc/articles/PMC13058679/
PMC13033576,10.3389/fimmu.2026.1733948,Efficacy and safety of disease-modifying oral drugs in treatment of relapsing-remitting multiple sclerosis: systematic review and network meta-analysis,2,6,1,"Figure 1, and the basic characteristics of the studies are presented in Table 2",https://www.ncbi.nlm.nih.gov/pmc/articles/PMC13033576/
PMC13060536,10.1155/ijod/9560887,Dentin and Enamel Exposure on Upper Incisors for Bonding Buccal Laminated Veneers: Method Validation and Ex Vivo Quantification,1,8,1,Figure 5).Table 1,https://www.ncbi.nlm.nih.gov/pmc/articles/PMC13060536/
PMC13053628,10.1002/jum.70146,"Liver Stiffness Characterization of OGTLKO
 Mouse Model of Progressive Liver Fibrosis",4,8,1,Figure 6Band-Altman plot of measured Shear modulus by VevoF2 and Aixplorer.Table 4,https://www.ncbi.nlm.nih.gov/pmc/articles/PMC13053628/
PMC13046097,10.2196/77033,Evaluation of a Contactless Sleep Monitoring Device for Sleep Stage Detection at Home in a Healthy Population: Prospective Study in Free-Living Conditions,6,14,3,"Figure 3 presents the confusion matrix containing the epochs across all nights, and Table 2",https://www.ncbi.nlm.nih.gov/pmc/articles/PMC13046097/
PMC12988773,10.1093/eschf/xvag046,Association between left ventricular longitudinal function and left atrial strain in left ventricular dysfunction,3,7,6,"Table 2, Figure 2",https://www.ncbi.nlm.nih.gov/pmc/articles/PMC12988773/
PMC13039649,10.1177/20552076261426622,A novel machine learning procedure to detect and remove artefacts in heart rate data obtained from photoplethysmography wearables: A prospective cohort study,1,7,2,"Figure 2, with the corresponding mathematical formulation provided in Supplemental Table 2",https://www.ncbi.nlm.nih.gov/pmc/articles/PMC13039649/
PMC13035635,10.1007/s00330-025-12097-9,Application of multi-scale feature extraction and explainable machine learning in chest x-ray position evaluation within an integrated learning framework,5,6,1,Figure 3 and Table 4,https://www.ncbi.nlm.nih.gov/pmc/articles/PMC13035635/
PMC13037746,10.1167/tvst.15.3.29,A Comparative Analysis of Visual Field Test Results Using Tablet-Based and Table-Mounted Devices in a Telemedicine Program Set in Underserved Areas,3,7,4,Table 2).Figure 4,https://www.ncbi.nlm.nih.gov/pmc/articles/PMC13037746/
PMC13036985,10.1186/s13098-026-02095-2,Abstracts from The XXV Brazilian Diabetes Society Meeting,11,14,1,Table 1.Figure 1,https://www.ncbi.nlm.nih.gov/pmc/articles/PMC13036985/
PMC12961610,10.1007/s00330-025-12071-5,Serial T1 and T2 measurements of metastatic bone lesions in prostate cancer patients: MR fingerprinting vs conventional MRI,4,5,1,Table 1). Further delineations were performed at the second visit for 19 participants. Figure 3,https://www.ncbi.nlm.nih.gov/pmc/articles/PMC12961610/
PMC13036402,10.2196/81301,Assessing Mental Health and Emotional States by Using Smartphone Photoplethysmography–Based Digital Pulse Waveform Analysis: Cross-Sectional Observational Study,1,8,1,Figure 3) [13].Table 1,https://www.ncbi.nlm.nih.gov/pmc/articles/PMC13036402/
PMC13028186,10.3390/medicina62030517,Assessment of Visual Acuity and Stereopsis in Older Adults: A Comparison Between a Screening Application and Clinical Standards—A Feasibility Study,5,3,1,Figure 1 and Table 4,https://www.ncbi.nlm.nih.gov/pmc/articles/PMC13028186/
PMC13028140,10.3390/medicina62030434,Fractional Flow Reserve Derived from a Single Angiographic View: Fact or Fiction?,1,1,1,Figure 1 and Table 1,https://www.ncbi.nlm.nih.gov/pmc/articles/PMC13028140/
PMC13034755,10.1097/EDE.0000000000001960,Considerations for the Analysis of Urinary Environmental Chemical Concentrations During Pregnancy,2,3,2,Figure 1A; eTable 1,https://www.ncbi.nlm.nih.gov/pmc/articles/PMC13034755/
PMC13029357,10.3390/nu18060966,Accuracy of AI-Based Nutrient Estimation from Standardized Hospital Meal Images: A Comparison with Registered Dietitians,2,2,1,Table 1 and Figure 1,https://www.ncbi.nlm.nih.gov/pmc/articles/PMC13029357/
PMC13026435,10.2196/85253,Performance of Wearable Pulse Oximetry During Controlled Hypoxia Induction: Instrument Validation Study,2,6,1,Figure 2B and C).Table 2,https://www.ncbi.nlm.nih.gov/pmc/articles/PMC13026435/
PMC13023590,10.3390/bios16030147,A Minimally Invasive LC–MS/MS Approach for Assessing Endocannabinoids in Saliva and Capillary Blood Microsamples,6,2,1,"Figure 1) and dried blood microsamples (Figure 2), with retention times presented in Table 4",https://www.ncbi.nlm.nih.gov/pmc/articles/PMC13023590/
PMC13027817,10.3390/medsci14010150,VMAT for Head and Neck Cancer: What Is the Impact of the Optimization Parameters on the Treatment Plan Quality?,4,4,1,Figure 1. Table 2,https://www.ncbi.nlm.nih.gov/pmc/articles/PMC13027817/
PMC13021274,10.1093/ehjci/jeaf375,Validation of shear wave elastography for assessing myocardial fibrosis in patients with end-stage heart failure,3,6,1,Table 2 and Figure 4,https://www.ncbi.nlm.nih.gov/pmc/articles/PMC13021274/
PMC13021298,10.1002/pri.70201,Measurement Properties and Minimal Detectable Change of the 6-Min Step Test for Estimating Cardiorespiratory Fitness in Hospitalized Individuals After Stroke,3,2,2,FIGURE 1Flowchart of participants.TABLE 1,https://www.ncbi.nlm.nih.gov/pmc/articles/PMC13021298/
PMC13017298,10.1093/bjr/tqaf313,Feasibility of 3D photoacoustic tomography for the assessment of rheumatoid arthritis,2,5,1,Figure 4B and Table 2,https://www.ncbi.nlm.nih.gov/pmc/articles/PMC13017298/
PMC13017198,10.1093/sleep/zsaf277,Transcutaneous versus arterial carbon dioxide monitoring in adult polysomnography studies,4,2,1,Table 4.Figure 1,https://www.ncbi.nlm.nih.gov/pmc/articles/PMC13017198/
PMC13015878,10.1111/echo.70425,Echocardiographic Pulmonary–Left Atrial Ratio and Epicardial Adipose Tissue as Noninvasive Markers of Obstructive Sleep Apnea,3,4,3,"Table 2, Figure 2",https://www.ncbi.nlm.nih.gov/pmc/articles/PMC13015878/
PMC13014076,10.2196/72560,A Telemedicine App for Nonrigid Facial Rehabilitation Training Enhanced by Efficient Fully Convolutional Neural Network With Residual Network (EffiFCNN-ResNet) to Improve Accessibility for Patients With Nasopharyngeal Carcinoma Cancer: Randomized Controlled Trial,2,7,1,Figure 7CONSORT (Consolidated Standards of Reporting Trials) flow diagram.Table 1,https://www.ncbi.nlm.nih.gov/pmc/articles/PMC13014076/
PMC13011789,10.1002/ana.78116,Toward Harmonizing Quantification of Dopamine Neuron Imaging Biomarkers in Parkinson's Disease: The Centamine Scale,3,5,1,Table 2. The linear regressions for the 5 target regions are displayed in Figure 3,https://www.ncbi.nlm.nih.gov/pmc/articles/PMC13011789/
PMC13011270,10.1186/s12909-026-08809-4,Agreement and reliability of global rating versus checklist scores in a high-stakes undergraduate OSCE in Rwanda,2,2,1,Table 2]Figure 1,https://www.ncbi.nlm.nih.gov/pmc/articles/PMC13011270/
PMC13013134,10.1007/s11548-025-03499-7,A multicenter study on the comparability of myocardial strain values acquired with different CMR scanners and analyzed with different post-processing software: insights into the “Traveling Volunteers” study,5,6,2,Table 2 shows the results of the Bland-Altman analysis. Figure 3,https://www.ncbi.nlm.nih.gov/pmc/articles/PMC13013134/
PMC13007637,10.7717/peerj.21005,A modified homogeneity index for multi- target radiotherapy plans by subtracting high-dose subvolumes,7,3,1,Figure 2 shows the dose distribution of one BC and one NPC plan selected in this study. Table 3,https://www.ncbi.nlm.nih.gov/pmc/articles/PMC13007637/
PMC12999998,10.1177/14653125251412487,The influence of varying degrees of maxillary gingival display on perception of smile aesthetics: A dynamic smile visualisation study,5,6,1,Figure 6.Video ratings – mean and 95% confidence interval for each male video.Table 3,https://www.ncbi.nlm.nih.gov/pmc/articles/PMC12999998/
PMC13002348,10.1111/nicc.70433,Accuracy and Bias of Pulse Oximetry in the Intensive Care Unit: A Prospective Observational Study,3,1,1,Figure 1.TABLE 2,https://www.ncbi.nlm.nih.gov/pmc/articles/PMC13002348/
PMC12995472,10.1016/j.xops.2026.101106,OCT-Based Evaluation of Vitreous Haze in the First-Line Antimetabolites as Steroid-Sparing Treatment Uveitis Trial,1,5,1,"Figure 2. The included subjects' BL, M6, and M12 characteristics are illustrated in Table 1",https://www.ncbi.nlm.nih.gov/pmc/articles/PMC12995472/
PMC12992008,10.3389/fendo.2026.1619692,Application research on the quantitative evaluation of carotid arterial elasticity in overweight adolescents using ultra-fast pulse wave technology,4,4,1,Table 2 and Figure 3,https://www.ncbi.nlm.nih.gov/pmc/articles/PMC12992008/
PMC12990999,10.1183/23120541.01105-2025,Utility of hyperpolarised xenon-129 magnetic resonance imaging in primary ciliary dyskinesia,2,5,1,"figure 1, and the lung function results for all participants are provided in table 2",https://www.ncbi.nlm.nih.gov/pmc/articles/PMC12990999/
PMC12990361,10.1016/j.xops.2026.101080,Automated Quantification of Decreased Fundus Autofluorescence in Stargardt Disease Using Starguage: Validation against Manual Grading Standards,5,3,2,Figure 1 (available at www.ophthalmologyscience.org). Table 2,https://www.ncbi.nlm.nih.gov/pmc/articles/PMC12990361/
PMC12990709,10.1111/sms.70259,Instantaneous and Cumulative Knee Joint Loading in Cycling With and Without Medial Knee Osteoarthritis,3,3,2,Table 2; Figure 2,https://www.ncbi.nlm.nih.gov/pmc/articles/PMC12990709/
PMC12983579,10.1162/IMAG.a.1164,Bias and generalizability of brain age prediction models: A multi-cohort evaluation with anatomical and interpretability insights,9,7,1,Table 1. Figure 1,https://www.ncbi.nlm.nih.gov/pmc/articles/PMC12983579/
PMC12986600,10.3390/nu18050813,A Significantly Higher Glucose Concentration in Plasma Collected with Glycolytic Inhibitors than in Serum: Impact of Insulin Resistance,4,2,1,Table 1 and Figure 2,https://www.ncbi.nlm.nih.gov/pmc/articles/PMC12986600/
PMC12987194,10.3390/s26051725,Wide-Field Oxygen Permeability Measurement of Contact Lenses Using a Modified Polarographic Electrode Cell,3,4,1,"Table 1, and the lens geometry is illustrated in Figure 2",https://www.ncbi.nlm.nih.gov/pmc/articles/PMC12987194/
PMC12987149,10.3390/s26051692,"Air-Coupled Ultrasound Systems for Biomedical Applications: Advances in Sensors, Electronic Interfaces and Signal Processing Strategies",12,8,1,"Figure 6, Table 4",https://www.ncbi.nlm.nih.gov/pmc/articles/PMC12987149/
PMC12983902,10.1136/bmjdrc-2025-005725,Longitudinal changes in epigenetic age acceleration prior to type 1 diabetes onset in the Diabetes Autoimmunity Study in the Young (DAISY),4,3,2,table 3).Figure 3,https://www.ncbi.nlm.nih.gov/pmc/articles/PMC12983902/
PMC12983802,10.1080/07853890.2026.2637260,Cross-cultural validation and reliability of the Leicester Cough Questionnaire in a Danish population,3,2,2,Table 1).Figure 1,https://www.ncbi.nlm.nih.gov/pmc/articles/PMC12983802/
PMC12984026,10.1051/ject/2025051,Is continuous in-line blood gas monitoring reliable during cardiopulmonary bypass when PaO2 and PaCO2 are calculated rather than measured?,5,3,5,Table 2).Figure 1,https://www.ncbi.nlm.nih.gov/pmc/articles/PMC12984026/
PMC12981673,10.4317/medoral.27712,Longevity factors for short and extra-short implants: An eight-year retrospective observational clinical study,5,3,2,"Table 5, Figure 3",https://www.ncbi.nlm.nih.gov/pmc/articles/PMC12981673/
PMC12979149,10.3389/fphys.2026.1753958,Short-term HRV metrics as a method for intraoperative assessment of cardiac parasympathetic response to rapid atrial pacing,5,5,9,Table 3; Figure 2,https://www.ncbi.nlm.nih.gov/pmc/articles/PMC12979149/
PMC12975950,10.3389/fdgth.2026.1731948,User perceptions of individually-tailored health information in digital apps: development of a scale,6,6,1,Figure 1). Most SIT items loaded well on the first factor. Table 5,https://www.ncbi.nlm.nih.gov/pmc/articles/PMC12975950/
PMC12977293,10.1155/nrp/8453356,Accuracy and Precision of Third-Generation Tympanic Thermometers With Varying Calibration Intervals: A Multicenter Cross-Sectional Study,3,5,1,"Table 1. The mean age of patients was 47.7 years (SD 26.0), and 48% were female.Figure 1",https://www.ncbi.nlm.nih.gov/pmc/articles/PMC12977293/
PMC12978840,10.1016/j.ahj.2026.107351,Accuracy of site versus core laboratory interpretations of right heart catheterization hemodynamics,1,1,1,Figure 1D).Table 1,https://www.ncbi.nlm.nih.gov/pmc/articles/PMC12978840/
PMC12975359,10.1016/j.ajcnut.2026.101209,Predictive equations commonly used in the clinic underestimate resting energy expenditure compared with whole-room indirect calorimetry in colorectal cancer survivors,5,4,1,Figure 4A–F).TABLE 5,https://www.ncbi.nlm.nih.gov/pmc/articles/PMC12975359/
PMC12972259,10.1111/ocr.70071,Age-Related Osseous Measures of the Temporomandibular Joint and Mandibular Ramus During Childhood Assessed by Magnetic Resonance Imaging,2,4,6,"Figure 2, Table 2",https://www.ncbi.nlm.nih.gov/pmc/articles/PMC12972259/
PMC12971334,10.21037/qims-2025-1886,Simultaneous quantitative evaluation of both iliac arteries and veins via accelerated four-dimensional flow in healthy controls and patients with deep vein thrombosis: a pilot study,3,6,1,Table 1).Figure 2,https://www.ncbi.nlm.nih.gov/pmc/articles/PMC12971334/
PMC12972252,10.1111/ocr.70082,Quantifying Root Resorption on the Incisors After Clear Aligner and Fixed Appliance Therapy Using Artificial Intelligence Tool Based CBCT Surface Models: Randomized Clinical Trial,4,2,1,Table 1.FIGURE 2,https://www.ncbi.nlm.nih.gov/pmc/articles/PMC12972252/
PMC13058769,10.1001/jamanetworkopen.2026.5599,Performance of a Sepsis Prediction Model Across Different Sepsis Definitions,1,4,3,Figure 3; eTable 4,https://www.ncbi.nlm.nih.gov/pmc/articles/PMC13058769/
PMC13053762,10.1016/j.isci.2026.115327,Antigen-directed single domain antibody-based TNFR1 agonists elicit preferential killing of HER2-overexpressing cancer cells,5,8,5,Figure 3A; Table 1,https://www.ncbi.nlm.nih.gov/pmc/articles/PMC13053762/
PMC13053936,10.1002/alz.71123,Prolonged morning wake transitions associated with amyloid beta burden: A cross-sectional pilot study,1,1,2,Table 1). The histogram of TWU is shown in eFigure 1,https://www.ncbi.nlm.nih.gov/pmc/articles/PMC13053936/
PMC13055120,10.1002/btpr.70113,"Sequential, chromosome-specific glutamine synthetase double knockout with Cas-CLOVER establishes enhanced CHO platforms for cell line development",4,7,3,"Table 3, Figure 2",https://www.ncbi.nlm.nih.gov/pmc/articles/PMC13055120/
PMC13053168,10.1002/acm2.70546,Developing a web-based dashboard for adaptive radiotherapy workflows,6,13,1,"Table 1 and Table 2), ensuring alignment with established clinical benchmarks. Figure 5",https://www.ncbi.nlm.nih.gov/pmc/articles/PMC13053168/
PMC13058949,10.3389/fnut.2026.1731306,Creatine supplementation on fatigue related to post-COVID-19 condition—fatigue study: a randomized controlled trial,2,1,2,Figure 1). No differences were found between the groups at baseline (Table 1,https://www.ncbi.nlm.nih.gov/pmc/articles/PMC13058949/
PMC13051896,10.1155/pm/3510542,Impact of Frailty on Prognosis and Functional Outcome in Patients With Acute Respiratory Deterioration of Interstitial Lung Disease,2,2,1,Table 2).Figure 2,https://www.ncbi.nlm.nih.gov/pmc/articles/PMC13051896/
PMC13055124,10.1002/btpr.70108,Evaluation of gene editing in CHO cells using the Cas-CLOVER system,3,7,1,Figure 3.TABLE 2,https://www.ncbi.nlm.nih.gov/pmc/articles/PMC13055124/
PMC13055785,10.1161/JAHA.125.045791,Refined Heart Failure Stages Incorporating Cardiorespiratory Fitness Are Differentially Associated With Heart Failure Risk in the Community,5,3,1,Table 3).Figure 2,https://www.ncbi.nlm.nih.gov/pmc/articles/PMC13055785/
PMC13052279,10.1002/alz.71336,"Microglial reactivity predicts hippocampal, but not global, atrophy in cerebral small vessel disease",4,1,1,Figure 1 depicts a flowchart detailing the excluded data from the overall cohort.TABLE 1,https://www.ncbi.nlm.nih.gov/pmc/articles/PMC13052279/
PMC13049205,10.2147/IJN.S561111,Multivalent Atezolizumab-Liposome Conjugates as Active Immunotherapeutic Platforms for Enhanced PD-L1 Blockade in Melanoma,1,8,5,Figure 1C and Supplementary Table 1,https://www.ncbi.nlm.nih.gov/pmc/articles/PMC13049205/
PMC13051947,10.1002/open.202500515,Green Synthesis of ZnO Nanoparticles From Spirulina platensis: Antimicrobial and Cytotoxic Evaluation With Molecular Docking Studies,3,13,1,Table 3.FIGURE 12,https://www.ncbi.nlm.nih.gov/pmc/articles/PMC13051947/
PMC13049648,10.1182/bloodadvances.2025018002,Advancing precision therapy in pediatric acute myeloid leukemia through PDX models and mitochondrial targeting,1,8,6,Table 1; Figure 1,https://www.ncbi.nlm.nih.gov/pmc/articles/PMC13049648/
PMC13049200,10.1093/jas/skag073,Genetic parameter estimation and genome-wide association study of fiber characteristics for cashmere goats in the United States,7,4,1,Table 1; Figure 1,https://www.ncbi.nlm.nih.gov/pmc/articles/PMC13049200/
PMC13045305,10.1002/acm2.70542,Quantitative evaluation of the effect of anatomical changes on the results of in vivo dosimetry during radiation therapy in the thoracic region,3,6,1,"Table 1, Figure 4",https://www.ncbi.nlm.nih.gov/pmc/articles/PMC13045305/
PMC13040934,10.1016/j.esmorw.2025.100680,Predictors of acute lymphopenia after radiotherapy for prostate cancer including pelvic node irradiation: results of a real-world prospective multi-centric study,3,3,1,"Figure 2Calibration plots of model 1 (top) and model 2 (down), as reported inTable 2",https://www.ncbi.nlm.nih.gov/pmc/articles/PMC13040934/
PMC13038511,10.3389/fneur.2026.1783506,Cost-effectiveness of treatment sequences following first-line rituximab in relapsing-remitting multiple sclerosis: a Norwegian microsimulation study,7,2,1,Table 7 shows the fully incremental analysis of all sequences and Supplementary Figure 9,https://www.ncbi.nlm.nih.gov/pmc/articles/PMC13038511/
PMC13040571,10.1080/20523211.2026.2650543,Nationwide trends in psychiatric prescription practices for drugs with putative cognitive adverse effects in schizophrenia spectrum and bipolar disorders from 2013 to 2022,3,4,4,Figure 2(A) & Table 2,https://www.ncbi.nlm.nih.gov/pmc/articles/PMC13040571/
PMC13063641,10.1186/s12889-026-26788-5,Predicting metabolic syndrome risk in Chinese adults using integrated features of movement behaviors and dietary intake: a machine learning approach,4,5,1,"Figure 3 illustrates the complex distributional patterns, Table 4",https://www.ncbi.nlm.nih.gov/pmc/articles/PMC13063641/
PMC13058771,10.1002/cpdd.70060,"Steady-State Pharmacokinetic Properties of TNX-102 SL, a Sublingual Tablet Formulation of Cyclobenzaprine Hydrochloride (HCl), With Daily Dosing in Healthy Volunteers: A Randomized, Open-Label Trial",4,1,2,Table 2; Figure 1,https://www.ncbi.nlm.nih.gov/pmc/articles/PMC13058771/
PMC13057424,10.1002/hbm.70523,Nonlinear Asymmetric Blood Oxygenation Level Dependent Responses in Somatosensory Cortex,2,8,2,Figure 4 and Table 1,https://www.ncbi.nlm.nih.gov/pmc/articles/PMC13057424/
PMC13056488,10.1111/os.70272,"Epidemiology of Knee Articular Cartilage Injuries in Patients Undergoing Arthroscopy: Insights From 25,293 Procedures at a High-Volume Center",5,7,1,Figure 6).TABLE 4,https://www.ncbi.nlm.nih.gov/pmc/articles/PMC13056488/
PMC13060679,10.3399/BJGP.2025.0174,Detecting cancer recurrence in general practice: a Danish national cohort study,3,3,1,Figure 2).Table 3,https://www.ncbi.nlm.nih.gov/pmc/articles/PMC13060679/
PMC13057387,10.3389/fmed.2026.1785911,"Comparative effectiveness of dexamethasone versus methylprednisolone for neuropathic outcomes after combined spinal-epidural labor analgesia: a prospective, randomized, double-blind trial",4,1,1,Table 1).Figure 1,https://www.ncbi.nlm.nih.gov/pmc/articles/PMC13057387/
PMC13058731,10.1210/jendso/bvag050,Sex-specific disruption of estrogen receptor alpha (ERα) density in the social brain neural network by Firemaster 550,3,7,1,Table 2).Figure 5,https://www.ncbi.nlm.nih.gov/pmc/articles/PMC13058731/
PMC13053253,10.3389/fcvm.2026.1674778,Impaired sensitivity to thyroid hormones is associated with atrial fibrillation in the euthyroid population,3,2,1,Table 3 and Figure 2,https://www.ncbi.nlm.nih.gov/pmc/articles/PMC13053253/
PMC13055625,10.3389/fimmu.2026.1768882,Metformin use and the risk of incident immune-mediated diseases in patients with type 2 diabetes: a population-based cohort study,3,1,1,Figure 1). Baseline characteristics of the matched cohorts are shown in Table 1,https://www.ncbi.nlm.nih.gov/pmc/articles/PMC13055625/
PMC13057546,10.3389/fped.2026.1757704,"Pharmacological therapy of neonatal analgosedation: current status, dilemmas, and perspectives",5,4,2,Table 1) (Figure 2,https://www.ncbi.nlm.nih.gov/pmc/articles/PMC13057546/
PMC13053322,10.3389/fimmu.2025.1713426,"Probiotics and human health: biological activities, nutritional aspects, immunomodulatory properties, applications, and future perspectives - a comprehensive review",4,7,1,Figure 2 and Table 1,https://www.ncbi.nlm.nih.gov/pmc/articles/PMC13053322/
PMC13055958,10.2196/79469,A Mobile App–Based Individualized Nonpharmacological Intervention for Behavioral and Psychological Symptoms in Dementia: Pilot Randomized Controlled Trial,6,2,1,Figure 2.Study flow chart of participants.Table 1,https://www.ncbi.nlm.nih.gov/pmc/articles/PMC13055958/
PMC13055952,10.2196/82769,"A Gamified Mobile Health Intervention to Promote Physical Activity, Executive Function, and Mental Health in College Students: Randomized Controlled Trial",2,4,5,Table 2 for detailed outcomes and 95% CIs and Figure 4,https://www.ncbi.nlm.nih.gov/pmc/articles/PMC13055952/
PMC13055405,10.12659/MSM.952231,Effects of Esketamine Infusion by Patient-Controlled Intravenous Analgesia in Patients With Zoster-Associated Pain: A Retrospective Study,5,4,2,Figure 2. The baseline characteristics of all participants are shown in Table 1,https://www.ncbi.nlm.nih.gov/pmc/articles/PMC13055405/
PMC13056040,10.4103/IJO.IJO_1354_25,Enhancing presbyopia treatment: A comparative study of 1% Pilocarpine monotherapy versus combination with 0.09% Bromfenac,5,1,1,Figure 1CONSORT flow diagram of participant dispositionTable 1,https://www.ncbi.nlm.nih.gov/pmc/articles/PMC13056040/
PMC13054673,10.1002/jcsm.70272,Dose–Response Association Between Handgrip Strength and All-Cause Mortality Across Different Levels of Systemic Inflammation,1,4,2,Figure 1 shows the flow of participants through the study. Table 1,https://www.ncbi.nlm.nih.gov/pmc/articles/PMC13054673/
PMC13055775,10.1161/JAHA.125.041888,Associations Between Sustained Methamphetamine/Amphetamine Use and Left Ventricular Dysfunction in a Cohort of Women Living With and Without HIV,5,3,4,Table 3 and Figure 1,https://www.ncbi.nlm.nih.gov/pmc/articles/PMC13055775/
PMC13055493,10.1161/JAHA.125.044806,Elevated ANGPTL8 (Angiopoietin-Like Protein 8) Levels as a Novel Predictor of Atherosclerosis in Type 2 Diabetes: Beyond Lipid Metabolism,3,3,1,Figure 1). As shown in Table 1,https://www.ncbi.nlm.nih.gov/pmc/articles/PMC13055493/
PMC13055457,10.1161/JAHA.125.043867,Association Between Living Environmental Factors and Stroke in Middle-Aged and Older Chinese Adults: A Nationwide Prospective Cohort Study,4,2,1,Table 3).Figure 2,https://www.ncbi.nlm.nih.gov/pmc/articles/PMC13055457/
PMC13056411,10.1161/CIRCULATIONAHA.125.077117,Wearable-Derived Training Load and Coronary Atherosclerosis in Middle-Aged and Older Athletes and Physically Active Controls: A New Perspective From the Master@Heart Study,4,6,3,Table 2; Figure 2,https://www.ncbi.nlm.nih.gov/pmc/articles/PMC13056411/
PMC13051305,10.2147/JPR.S594008,"Determining ED50 of Nalbuphine for Intraoperative Analgesia in Elderly Patients Undergoing Percutaneous Kyphoplasty: A Prospective, Double-Blind, Single-Center, Dose-Finding Study",3,3,1,Figure 1. Demographic characteristics of these patients are shown in Table 1,https://www.ncbi.nlm.nih.gov/pmc/articles/PMC13051305/
PMC13052592,10.1136/bmjonc-2025-001003,CXCR4 mRNA overexpression: an indicator of poor survival and predictor of response to immune checkpoint inhibitors in patients with metastatic colorectal cancer,1,4,1,figure 3A; online supplemental table 4,https://www.ncbi.nlm.nih.gov/pmc/articles/PMC13052592/
PMC13051511,10.3389/fimmu.2026.1694651,Fentanyl-induced cortical and cardiopulmonary damage linked to immune response functions and apoptosis-necrosis networks in a multi-omics mouse model,2,7,4,"Table 2, Supplementary Figure 4",https://www.ncbi.nlm.nih.gov/pmc/articles/PMC13051511/
PMC13052332,10.1002/pul2.70290,Digital Data Collection Reduces Terminal Digit Bias in Haemodynamic and Physical Activity Measures in Pulmonary Arterial Hypertension,1,1,1,"Figure 1H). The digits 7, 8 and 9 were significantly overrepresented.Table 1",https://www.ncbi.nlm.nih.gov/pmc/articles/PMC13052332/
PMC13053956,10.1177/00469580261436992,Internally Validated Logistic Regression Nomogram for Depressive Symptoms Risk Prediction in Middle-Aged and Older Adults With Sarcopenia: Cross-Sectional Study,3,5,2,"Figure 3A and B, and detailed metrics are provided in Table 3",https://www.ncbi.nlm.nih.gov/pmc/articles/PMC13053956/
PMC13056245,10.1158/1078-0432.CCR-25-2054,Anti–LAG-3 Antibody LBL-007 plus Tislelizumab and Chemotherapy as First-Line Therapy for Advanced Nasopharyngeal Carcinoma: A Multicenter Phase 2 Trial,4,3,1,Table 1.Figure 1,https://www.ncbi.nlm.nih.gov/pmc/articles/PMC13056245/
PMC13061986,10.1038/s43856-026-01432-w,Predicting rates of cognitive and functional decline in Alzheimer’s disease and mild cognitive impairment,5,5,1,Table 5.Explanation of model predictions and interpretabilityFigure 3,https://www.ncbi.nlm.nih.gov/pmc/articles/PMC13061986/
PMC13055123,10.1002/btpr.70094,Analysis of the economic viability and environmental impacts of a conceptual process model for the recovery of lactic acid from spent media in cultivated meat production,8,8,2,Figure 1).TABLE 2,https://www.ncbi.nlm.nih.gov/pmc/articles/PMC13055123/
PMC13051397,10.2147/DDDT.S571032,Effect of Intraoperative Intravenous Lidocaine on Postoperative Delirium in Elderly Patients Undergoing Posterior Lumbar Interbody Fusion,5,4,1,Figure 2).Table 4,https://www.ncbi.nlm.nih.gov/pmc/articles/PMC13051397/
PMC13033956,10.1002/eji.70169,"Post-Acute Sequelae Patients with Severe COVID-19 History Show a Prolonged Inflammatory, Vascular Injury Pattern",1,5,1,Figure 1A lower panel; Figure S1B).TABLE 1,https://www.ncbi.nlm.nih.gov/pmc/articles/PMC13033956/
PMC13032797,10.2147/DDDT.S576598,An Integrated Population Pharmacokinetic and Machine Learning Model for Predicting Tacrolimus Exposure in Adult Patients with Nephrotic Syndrome,3,6,1,Figure 1.Table 1,https://www.ncbi.nlm.nih.gov/pmc/articles/PMC13032797/
PMC13034380,10.1136/jitc-2025-013823,Fecal microbiota transplantation combined with anti-PD-1 therapy in refractory microsatellite-stable gastric cancer: a phase I feasibility and safety study,1,4,1,table 8.Figure 1,https://www.ncbi.nlm.nih.gov/pmc/articles/PMC13034380/
PMC13023575,10.3390/biom16030355,Post-Radiotherapy Changes in Circulating Dodecanoic Acid Identify Metabolic Phenotypes Associated with Recurrence in Breast Cancer,3,4,1,"Figure 4C, Table 3",https://www.ncbi.nlm.nih.gov/pmc/articles/PMC13023575/
PMC13017781,10.1093/jnci/djaf326,Optimizing oncology drug development: systematic review of 22 years of myeloma randomized controlled trials,2,3,1,"Table 1, and all comparisons are listed in Tables S1 and S2.Figure 1",https://www.ncbi.nlm.nih.gov/pmc/articles/PMC13017781/
PMC13006680,10.3389/fpubh.2026.1776344,Early mortality risk prediction in severe fever with thrombocytopenia syndrome using an interpretable machine learning model based on routine clinical parameters,3,7,1,"Table 1), supporting their relevance for prognostic modeling.Figure 2",https://www.ncbi.nlm.nih.gov/pmc/articles/PMC13006680/
PMC13009889,10.1177/21501319261428986,"Leveraging Explainable AI to Identify Determinants of Lifetime HIV Testing Among Adults in Tennessee, United States: Evidence for Targeted Public Health Strategies From BRFSS 2023",3,10,2,Figure 1).ResultsPrevalence of Lifetime HIV Testing and Sociodemographic CharacteristicsTable 1,https://www.ncbi.nlm.nih.gov/pmc/articles/PMC13009889/
PMC12997098,10.3389/fendo.2026.1776188,An interpretable machine learning model for detecting vision-threatening diabetic retinopathy among patients with diabetic retinopathy: a web-based cross-sectional study,2,7,2,Figure 3C; Table 2,https://www.ncbi.nlm.nih.gov/pmc/articles/PMC12997098/
PMC12998556,10.2147/ITT.S564230,Induction Chemotherapy Followed by Immunotherapy Increases Pathological Complete Response Rate in dMMR/MSI-H Gastric Cancer: A Retrospective Cohort Study,3,2,3,Table 2). Tumor regression of the primary lesion in all patients is shown in Figure 2,https://www.ncbi.nlm.nih.gov/pmc/articles/PMC12998556/
PMC12990235,10.2147/COPD.S557298,An Interpretable AdaBoost Model for 1-Year Readmission Risk Prediction in AECOPD Patients with Hypertension,2,4,1,Figure 3C and D).Table 2,https://www.ncbi.nlm.nih.gov/pmc/articles/PMC12990235/
PMC12982339,10.3389/fcimb.2026.1760036,Predicting the acute pancreatitis severity with multi-machine learning models: constructing an online prediction platform,3,6,2,Table 2).Figure 2,https://www.ncbi.nlm.nih.gov/pmc/articles/PMC12982339/
PMC12987044,10.3390/nu18050765,Time-Restricted Eating and Symptom Severity in Irritable Bowel Syndrome: Results from a Pilot Study,5,4,1,"Table 2, Figure 3",https://www.ncbi.nlm.nih.gov/pmc/articles/PMC12987044/
PMC12980701,10.1002/cncr.70343,"A randomized phase II trial of gemcitabine, nab-paclitaxel, cisplatin with or without a medically supervised ketogenic diet for patients with metastatic pancreatic cancer",4,4,3,Table 1).FIGURE 1,https://www.ncbi.nlm.nih.gov/pmc/articles/PMC12980701/
PMC12978183,10.1080/0886022X.2026.2640690,MedFusion-gP-AKI: development and multicenter validation of a machine learning fusion model for early prediction of KDIGO stage 3 acute kidney injury in critically ill traumatic cervicothoracic spinal cord injury patients,2,8,1,Table 3.The cumulative-gain analysis (Figure 6,https://www.ncbi.nlm.nih.gov/pmc/articles/PMC12978183/
PMC12971643,10.3389/fphys.2026.1739374,Multiple machine-learning-driven metabolic frameworks for long-term prognostic risk assessment in patients with coexisting hypertension and obstructive sleep apnea:insights from a multicenter cohort study,1,5,1,Table 2).FIGURE 2,https://www.ncbi.nlm.nih.gov/pmc/articles/PMC12971643/
PMC12969423,10.1016/j.cpt.2025.09.001,Efficacy of chemotherapy combined with immunotherapy in advanced lung adenocarcinoma harboring epidermal growth factor receptor (EGFR) exon 20 insertion (ex20ins) mutations: A retrospective comparative study,3,5,3,Figure 1Table 1,https://www.ncbi.nlm.nih.gov/pmc/articles/PMC12969423/
PMC12966869,10.1016/j.bneo.2026.100198,Heterogeneous survival outcomes in molecularly defined acute myeloid leukemia with myelodysplasia-related changes,2,6,1,Figure 1B).Table 1,https://www.ncbi.nlm.nih.gov/pmc/articles/PMC12966869/
PMC12967462,10.1002/cns.70813,SMPD1 as a Potential Prognostic Biomarker in Glioma Is Associated With an Immunosuppressive Microenvironment,2,7,1,"Figure 2C,F; TCGA: p = 0.022; CGGA: p = 0.033).TABLE 1",https://www.ncbi.nlm.nih.gov/pmc/articles/PMC12967462/
PMC12961615,10.3389/fpubh.2026.1751402,"Weight, body composition and quality of life changes in a Hungarian community-based body weight management program: an observational cohort analysis",3,7,3,Table 4 and depicted in Figure 4,https://www.ncbi.nlm.nih.gov/pmc/articles/PMC12961615/
PMC12953569,10.3389/fpubh.2026.1682879,Value of an automated machine learning model with post-hoc explanation for predicting healthcare-seeking delays among residents in Tibetan regions,5,9,2,"Table 3, Figure 4",https://www.ncbi.nlm.nih.gov/pmc/articles/PMC12953569/
PMC12954701,10.2196/78648,Machine Learning for the Analysis of Healthy Lifestyle Data: Scoping Review and Guidelines,3,6,4,Table 1; Figure 5,https://www.ncbi.nlm.nih.gov/pmc/articles/PMC12954701/
PMC12950455,10.2147/JHC.S580242,Plasma Sphingolipid Profiling Predicts Radiosensitivity in Hepatocellular Carcinoma,4,8,17,"Figure 1, individual values in Supplementary Table 1",https://www.ncbi.nlm.nih.gov/pmc/articles/PMC12950455/
PMC12930441,10.64898/2026.01.01.25343162,STK11 mutations and deletions define a distinct subtype of cervical adenocarcinoma,1,6,5,"Table 1, Supplemental Figure 1",https://www.ncbi.nlm.nih.gov/pmc/articles/PMC12930441/
PMC12923152,10.1093/oncolo/oyaf413,"Phase I study of bevacizumab and temsirolimus combination therapy in advanced malignancies: safety, efficacy, and ovarian cancer expansion",13,2,1,Table 2 and Figure 1,https://www.ncbi.nlm.nih.gov/pmc/articles/PMC12923152/
PMC12911844,10.1136/jitc-2025-014653,"Efficacy and safety of pembrolizumab, lenvatinib, and reduced-dose gemcitabine/oxaliplatin as initial treatment for advanced biliary tract cancer: a multicenter, single-arm, prospective, phase II study",3,4,2,figure 1). The baseline characteristics are summarized in table 1,https://www.ncbi.nlm.nih.gov/pmc/articles/PMC12911844/
PMC12911658,10.1136/thorax-2025-223080,"Safety, feasibility and efficacy of exercise as an airway clearance technique in cystic fibrosis: a randomised pilot feasibility trial",6,3,3,table 3. Recruitment was on target and on time (figure 2,https://www.ncbi.nlm.nih.gov/pmc/articles/PMC12911658/
PMC12908734,10.1097/MD.0000000000047726,Interpretable four-factor day-1 nomogram for predicting sepsis-associated encephalopathy in septic ICU patients with AKI: Development and internal validation in MIMIC-IV,2,4,1,Table 1.Figure 1,https://www.ncbi.nlm.nih.gov/pmc/articles/PMC12908734/
PMC12909023,10.1161/JAHA.125.047097,"Implementation of the Get With The Guidelines-Heart Failure Adherence to Science, Implementation in Asia (GWTG-HF A.S.I.A.) Program in Taiwan",4,3,1,Figure 1) and the corresponding estimates (Table 4,https://www.ncbi.nlm.nih.gov/pmc/articles/PMC12909023/
PMC12906205,10.1016/j.esmoop.2026.106061,Paclitaxel plus cetuximab for the treatment of R/M SCCHN after first-line pembrolizumab failure: primary analysis from the PaceAce trial,2,5,3,Figure 1). Demographic and baseline clinical characteristics are summarized in Table 1,https://www.ncbi.nlm.nih.gov/pmc/articles/PMC12906205/
PMC12899994,10.3390/s26030863,Explainable AI-Enhanced Ensemble Protocol Using Gradient-Boosted Models for Zero-False-Alarm Seizure Detection from EEG,18,10,1,Table 2) to calibration reliability (Figure 10,https://www.ncbi.nlm.nih.gov/pmc/articles/PMC12899994/
PMC12886394,10.3389/fcell.2026.1743506,Establishing and validating a predictive model for long-term control outcomes following orthokeratology lenses wear: a five-year cohort study,3,5,3,"Figure 1 for details), 504 eyes were ultimately included in this study. Table 1",https://www.ncbi.nlm.nih.gov/pmc/articles/PMC12886394/
PMC13058169,10.1111/1348-0421.70049,Overexpression of Escherichia coli yaiX Confers Multidrug Resistance and Enhances Virulence in the Silkworm Infection Model,3,5,1,"Figure 3A, Table 3",https://www.ncbi.nlm.nih.gov/pmc/articles/PMC13058169/
PMC13050901,10.3389/fcimb.2026.1802215,Integrated bioinformatics analysis of molecular signatures and therapeutic targets in early sepsis,1,8,1,Figure 4 and detailed in PubChem.Table 1,https://www.ncbi.nlm.nih.gov/pmc/articles/PMC13050901/
PMC13050807,10.1002/path.70040,Clinicopathological significance of loss of Y chromosome in male meningiomas,2,6,3,"Table 1, Figure 3",https://www.ncbi.nlm.nih.gov/pmc/articles/PMC13050807/
PMC13043080,10.1172/jci.insight.191767,Reduced late endosome/lysosome function promotes SLE through chronic PI3K activity and SHP-1/SHIP-1 defects,1,6,5,"Figure 1, A–C; see Supplemental Table 1",https://www.ncbi.nlm.nih.gov/pmc/articles/PMC13043080/
PMC13039792,10.1038/s41597-026-06876-2,3D+t human sperm flagellum centerline dataset,2,6,1,"Table 2), roughly corresponding to 2 seconds of swimming. Figure 6",https://www.ncbi.nlm.nih.gov/pmc/articles/PMC13039792/
PMC13041599,10.1111/evj.14556,Objective diagnosis of alar fold collapse in active Standardbred trotting racehorses using nasopharyngeal airway pressure measurements,3,2,1,Table 1).FIGURE 1,https://www.ncbi.nlm.nih.gov/pmc/articles/PMC13041599/
PMC13036821,10.1111/gcb.70833,Beavers on Ice: Factors Influencing Emergence Phenology in Boreal Canada,6,5,1,Table 3).FIGURE 4,https://www.ncbi.nlm.nih.gov/pmc/articles/PMC13036821/
PMC13038076,10.1590/1807-3107bor-2026.vol40.018,"Characterization of bovine-teeth nanoparticles and its effect on
BMP-2 expression in periodontitis rat model",5,8,2,Figure 4 and Table 4,https://www.ncbi.nlm.nih.gov/pmc/articles/PMC13038076/
PMC13002424,10.3389/fendo.2026.1730871,Reference intervals for intact FGF 23 in healthy Korean adults: lower concentrations in young adulthood require age-specific partitioning,4,2,3,"Table 2, Figure 2",https://www.ncbi.nlm.nih.gov/pmc/articles/PMC13002424/
PMC12960472,10.3389/fimmu.2026.1768679,400 AU/mL IgG protective threshold against SARS-CoV-2 XBB reinfection in Chinese inactivated vaccine recipients: implications for booster vaccination,4,4,3,Table 2).Figure 2,https://www.ncbi.nlm.nih.gov/pmc/articles/PMC12960472/
PMC12960558,10.3389/fimmu.2026.1630590,Integrating pleural PD-1+CD8+ T cell as a complement variable into LENT score to assess patients with lung adenocarcinoma complicated with MPE,2,6,1,Table 2).Figure 4,https://www.ncbi.nlm.nih.gov/pmc/articles/PMC12960558/
PMC12962222,10.1002/mrm.70255,"Field Strength-Dependent White Matter R
1 and R
2 Anisotropy of Phase-Cycled Balanced Steady-State Free Precession Relaxometry",4,6,5,"Figure 4 (3TLC, left column and 9.4TSC, right column). As evident from Table 3",https://www.ncbi.nlm.nih.gov/pmc/articles/PMC12962222/
PMC12978806,10.1159/000549576,The Diagnostic Journey in Fistulizing Sigmoid Diverticulitis: A Multicenter Retrospective Study and Proposal for a Structured Workup,4,2,1,Figure 1. All diagnostic measures and time-related variables are listed in Table 2,https://www.ncbi.nlm.nih.gov/pmc/articles/PMC12978806/
PMC12959827,10.5435/JAAOSGlobal-D-25-00432,Reusable Instrumentation for Arthroscopic Rotator Cuff Repair May Not Impact Clinical Outcomes,3,2,2,Figure 1Flowchart of patients included and excluded in each cohortTable 1,https://www.ncbi.nlm.nih.gov/pmc/articles/PMC12959827/
PMC12936127,10.31557/APJCP.2025.26.11.4009,"Dosimetric and Secondary Cancer Risk Comparison after Radiation Therapy for Breast Cancer with Three-Dimensional Conformal Radiotherapy, and Helical Tomotherapy",6,2,1,Figure 2 and Table 5,https://www.ncbi.nlm.nih.gov/pmc/articles/PMC12936127/
PMC12928027,10.1002/hbm.70474,Bias in Structural MRI Correlates of Delay Discounting due to Head Motion,7,3,2,Table 1 (also see Figure 1,https://www.ncbi.nlm.nih.gov/pmc/articles/PMC12928027/
PMC12931234,10.1002/advs.202502216,Allosteric Modulation of Pathological Ataxin-3 Aggregation: A Path to Spinocerebellar Ataxia Type-3 Therapies,1,7,1,"Figure 2i and Table

1",https://www.ncbi.nlm.nih.gov/pmc/articles/PMC12931234/
PMC12916731,10.1093/neuonc/noaf175,"Intratumoral preservation of the stem-like malignant cell proportion in glioblastoma, prognostic impact, and its radiomethylomic signatures",1,5,5,"Table 3, Supplementary Figure 6",https://www.ncbi.nlm.nih.gov/pmc/articles/PMC12916731/
PMC12902303,10.1016/j.molmet.2025.102269,Interaction between time-of-day and oxytocin efficacy in mice and humans with and without gestational diabetes,3,6,1,"Figure 5C, D, Table 2",https://www.ncbi.nlm.nih.gov/pmc/articles/PMC12902303/
PMC12892219,10.3389/fimmu.2025.1699550,Safety and efficacy of B-cell therapy in older people with multiple sclerosis,3,4,1,Figure 1). 67.4% (93) were women. The initial median EDSS was 3.0 (1.5-6.0) (Table 1,https://www.ncbi.nlm.nih.gov/pmc/articles/PMC12892219/
PMC12856962,10.7189/jogh.16.04042,"Demographics, clinical features, and comorbidities of high-altitude polycythaemia: a multicentre, retrospective, observational study",1,3,2,"Figure 1, Panels A–B). Significant difference (P < 0.0001) (Table 1",https://www.ncbi.nlm.nih.gov/pmc/articles/PMC12856962/
PMC12821563,10.1111/mec.70249,Shared and Unique Patterns of Genomic Differentiation and Introgression Between Japanese Stickleback Species Across Three Sympatric Sites,1,5,2,Figure 4A; Table 1,https://www.ncbi.nlm.nih.gov/pmc/articles/PMC12821563/
PMC12817657,10.1111/mec.70215,Parental Age Effects on Offspring Telomere Length Across Vertebrates: A Meta-Analysis,3,8,2,Table 2a) had more positive estimates compared to studies using qPCR (Figure 7,https://www.ncbi.nlm.nih.gov/pmc/articles/PMC12817657/
PMC12794645,10.2147/VHRM.S559381,Perivascular Adipose Tissue Radiomics Predicts Abdominal Aortic Aneurysm Rupture: A Multicenter Study,3,7,1,Figure 3 displays the attenuation heatmaps of PVAT CT values in both groups.Table 2,https://www.ncbi.nlm.nih.gov/pmc/articles/PMC12794645/
PMC12788303,10.3390/s26010256,A Multi-Fish Tracking and Behavior Modeling Framework for High-Density Cage Aquaculture,7,18,3,"Figure 7, several behavioral patterns emerge that validate the quantitative findings in Table 1",https://www.ncbi.nlm.nih.gov/pmc/articles/PMC12788303/
PMC12767002,10.1002/cns.70734,Multidimensional Assessment of Neurological Adverse Reactions Related to PD-1 Inhibitors: A Real-World Pharmacovigilance Study,2,6,1,Figure 2d via a Sankey diagram.TABLE 1,https://www.ncbi.nlm.nih.gov/pmc/articles/PMC12767002/
PMC12748937,10.1002/mco2.70559,Robust Diagnostic and Therapeutic Biomarkers for Tuberculosis Identified Through Multi-Omics and Mendelian Randomization Analysis,4,6,2,Figure 2I–L).TABLE 1,https://www.ncbi.nlm.nih.gov/pmc/articles/PMC12748937/
PMC12718549,10.1002/cam4.71481,Habitat Radiomics Predict HPV Status in Oropharyngeal Cancer,2,9,2,"Table 2, and the AUC curves of all classifiers are shown in Figure 5",https://www.ncbi.nlm.nih.gov/pmc/articles/PMC12718549/
PMC12682112,10.1111/opo.13560,Accuracy and precision of a sphero-cylindrical over-refraction app for smartphones,3,8,1,"Table 3, along with the Bland–Altman analysis for the sphero-cylindrical components. Figure 4",https://www.ncbi.nlm.nih.gov/pmc/articles/PMC12682112/
PMC12682392,10.1002/cam4.71420,Pretreatment Amide Proton Transfer-Weighted Imaging Histogram Analysis Combined With ER-Negative and HER2-Positive Expression Predicts Pathologic Complete Response After Neoadjuvant Chemotherapy in Breast Cancer,5,5,2,Table 3 and Figure 4,https://www.ncbi.nlm.nih.gov/pmc/articles/PMC12682392/
PMC12665757,10.3389/fbinf.2025.1687617,Machine learning-guided optimization of triple agonist peptide therapeutics for metabolic disease,4,9,1,Table 3).FIGURE 4,https://www.ncbi.nlm.nih.gov/pmc/articles/PMC12665757/
PMC12648624,10.1002/acr2.70126,"Combining Pirfenidone With Mycophenolate Mofetil for Systemic Sclerosis–Related Interstitial Lung Disease (Scleroderma Lung Study III): An Investigator-Initiated, Multicenter, Randomized, Double-Blind, Placebo-Controlled Phase 2 Trial",2,4,3,Figure 1A; Table 2,https://www.ncbi.nlm.nih.gov/pmc/articles/PMC12648624/
PMC12618174,10.1002/acm2.70346,Impact of deep learning based reconstruction algorithms on CT radiomic features of carotid plaques,3,5,2,Figure 3).TABLE 2,https://www.ncbi.nlm.nih.gov/pmc/articles/PMC12618174/
PMC12597864,10.1111/ijlh.14526,Determination of Fibrinogen Ratio Cutoff Limits Using Indirect Reference Interval Methodology,1,3,3,"Figure 1A,B). The estimated antigen and activity RI showed wider ranges (Table 1",https://www.ncbi.nlm.nih.gov/pmc/articles/PMC12597864/
PMC13034236,10.1136/rmdopen-2025-006640,Effect of targeted therapies on pulmonary function in rheumatoid arthritis-associated interstitial lung disease: a systematic review and meta-analysis,2,4,1,table 1.Figure 2,https://www.ncbi.nlm.nih.gov/pmc/articles/PMC13034236/
PMC13010164,10.1093/neuped/wuaf018,Targeting the p53 pathway to treat atypical teratoid rhabdoid tumors,1,5,4,Figure 3C-G; Table 1,https://www.ncbi.nlm.nih.gov/pmc/articles/PMC13010164/
PMC13014086,10.1182/blood.2025029905,The landscape and evolution of clonal hematopoiesis in chronic lymphocytic leukemia∗,1,7,3,Figure 2B; supplemental Table 4,https://www.ncbi.nlm.nih.gov/pmc/articles/PMC13014086/
PMC13012002,10.1158/2767-9764.CRC-25-0725,"BRAF
V600E Expression in c-Kit+ Interstitial Cells of Cajal Drives Gastrointestinal Stromal Tumor Formation in Mice",1,6,1,Figure 1. Expression of Dog1 and c-kit in developing mouse GIST lesions.Supplementary Table 1,https://www.ncbi.nlm.nih.gov/pmc/articles/PMC13012002/
PMC13006635,10.3389/fimmu.2026.1770758,SARS-CoV-2 spike S1-mediated HIF-2α activation in retinal endothelial cells suggests a mechanism contributing to post-COVID endothelial dysfunction,3,5,8,Figure 1A). Main baseline characteristics of the cohort are summarized in Supplementary Table 2,https://www.ncbi.nlm.nih.gov/pmc/articles/PMC13006635/
PMC13006393,10.1016/j.xcrm.2026.102638,Neoadjuvant Fc-enhanced anti-CTLA-4 targets Tregs to augment androgen deprivation in high-risk prostate cancer: A randomized phase I trial,4,6,1,Figure 1B). Baseline characteristics of the trial patients are summarized in Table 1,https://www.ncbi.nlm.nih.gov/pmc/articles/PMC13006393/
PMC13006165,10.1002/nbm.70274,Deep Learning Reconstruction Enables Diagnostic-Quality 0.4T Knee and Spine MRI in One-Third of the Time,4,5,1,Table 4).FIGURE 5,https://www.ncbi.nlm.nih.gov/pmc/articles/PMC13006165/
PMC13007092,10.1136/bmjopen-2025-111343,Integrating healthcare system context to improve risk prediction and assess racial disparities among dual-eligible Medicare–Medicaid beneficiaries: a retrospective cohort study using national fee-for-service claims,1,6,5,"figure 1, online supplemental appendix table 3",https://www.ncbi.nlm.nih.gov/pmc/articles/PMC13007092/
PMC13021433,10.3389/fendo.2026.1730144,Life activities of elderly patients with operated nonfunctional pituitary adenoma,4,1,1,Figure 1). Correlation analysis results are given in Table 4,https://www.ncbi.nlm.nih.gov/pmc/articles/PMC13021433/
PMC13026842,10.3390/ijms27062801,Immunogenicity of Hepatitis B Virus Vaccination in Relapsing–Remitting Multiple Sclerosis Patients Under Immunocompromising Treatment,5,4,1,Table 5) (Figure 4,https://www.ncbi.nlm.nih.gov/pmc/articles/PMC13026842/
PMC13017814,10.3389/fped.2026.1754022,"Community-based Kangaroo Mother Care in low-birth-weight infants: a quality improvement study in the urban slums of Kolkata, West Bengal",2,1,1,Table 2 and Figure 1,https://www.ncbi.nlm.nih.gov/pmc/articles/PMC13017814/
PMC12940154,10.1080/29933935.2024.2358324,Bimodal distribution of intestinal Candida in children with autism and its potential link with worse ASD symptoms,1,3,1,"Figure 3c,d, Table 1",https://www.ncbi.nlm.nih.gov/pmc/articles/PMC12940154/
PMC13018116,10.3389/fimmu.2026.1756560,Amplification cycles through innate lymphoid cells at the onset of lupus nephritis,3,5,7,Table 1; Supplementary Figure 1,https://www.ncbi.nlm.nih.gov/pmc/articles/PMC13018116/
PMC13013015,10.3389/fendo.2026.1745971,Serum osteocalcin as a novel biomarker for differentiating growth hormone deficiency from idiopathic short stature,4,5,1,"Figure 2, Table 2",https://www.ncbi.nlm.nih.gov/pmc/articles/PMC13013015/
PMC13006230,10.3389/fimmu.2026.1720551,Dysregulated NK-cell gene expression defines the enduring symptoms of long COVID-19,1,5,4,"Figure 1A, Supplementary Table 1",https://www.ncbi.nlm.nih.gov/pmc/articles/PMC13006230/
PMC13006622,10.3389/fsurg.2026.1751286,Clinical value of biomechanics and magnetic resonance imaging in the evaluation of knee osteoarthritis,2,6,1,"Table 2, Figure 3",https://www.ncbi.nlm.nih.gov/pmc/articles/PMC13006622/
PMC13010193,10.1001/jamanetworkopen.2026.2750,Alignment of Large Language Model Responses With Human Therapists in Motivational Interviewing,3,2,1,Table 1 and Figure 1,https://www.ncbi.nlm.nih.gov/pmc/articles/PMC13010193/
PMC13003836,10.1080/15502783.2026.2646628,Blood metabolic profiling associated with a short-term intensive training period in elite male water polo athletes: an exploratory metabolomics study,5,11,2,Figure 5) and box plots (Figure 6).Table 4,https://www.ncbi.nlm.nih.gov/pmc/articles/PMC13003836/
PMC13007441,10.1080/15502783.2026.2646626,Combined resistance exercise and essential amino acid intake enhance follistatin/myostatin ratio and muscle fitness in older women: a randomized controlled trial,5,5,1,Figure 1 and Table 1,https://www.ncbi.nlm.nih.gov/pmc/articles/PMC13007441/
PMC13007963,10.2147/JBM.S573174,Antioxidant Effects of CoQ10 in Transfusion-Dependent β-Thalassemia Major Patients: Implications for Ferroptosis-Related Pathways,3,1,1,Table 3 and Figure 1,https://www.ncbi.nlm.nih.gov/pmc/articles/PMC13007963/
PMC13006975,10.1093/bib/bbag120,Enhancing cancer classification accuracy with a self-attention network using panel capture sequencing data,5,7,1,Table 4). Figure 6,https://www.ncbi.nlm.nih.gov/pmc/articles/PMC13006975/
PMC13007076,10.1136/bmjresp-2025-003847,"Nationwide trends in AECOPD care in Italy before, during and after COVID-19: discrepancies between data sources and across regions",4,3,3,figure 1.Table 2,https://www.ncbi.nlm.nih.gov/pmc/articles/PMC13007076/
PMC12999892,10.3389/fphar.2026.1766782,Low-dose dexmedetomidine improves postoperative sleep and pain in gynecological surgery: a randomized trial,2,5,1,Table 1).FIGURE 1,https://www.ncbi.nlm.nih.gov/pmc/articles/PMC12999892/
PMC13003719,10.1002/ajb2.70171,"Soil, competition, and niche shifts shape the floral mosaic of an annual plant diversity hotspot",5,6,4,"Figure 3, Table 2",https://www.ncbi.nlm.nih.gov/pmc/articles/PMC13003719/
PMC12996235,10.3389/fimmu.2026.1779880,Unveiling biomarkers of telitacicept’s efficacy in SLE treatment through proteomics and metabolomics,3,7,1,Figure 4C). As shown in Table 3,https://www.ncbi.nlm.nih.gov/pmc/articles/PMC12996235/
PMC12997547,10.1044/2025_JSLHR-25-00563,Reexamination of Data on the Acclimatization of Hearing Aid Benefit Using Experienced Hearing Aid Wearers as Controls,5,4,1,Figure 1 are provided in the upper portion of Table 3,https://www.ncbi.nlm.nih.gov/pmc/articles/PMC12997547/
PMC12995798,10.3389/fneur.2026.1765246,"Latent-profile analysis of sleep disturbances, cognitive performance and neuropsychiatric symptoms reveals subtypes of Parkinson’s disease",8,3,1,Table 7; Figure 2,https://www.ncbi.nlm.nih.gov/pmc/articles/PMC12995798/
PMC12995821,10.3389/ti.2026.15423,Novel Allocation Strategies Can Boost Kidney Exchange Programs: A Monte Carlo Simulation,5,6,8,Figure 2; Table 4,https://www.ncbi.nlm.nih.gov/pmc/articles/PMC12995821/
PMC12997614,10.5935/0004-2749.2024-0318,"Müller muscle conjunctival resection: Impact on Hering’s law
and facial symmetry in unilateral ptosis repair",2,5,4,Table 1 and Figure 2,https://www.ncbi.nlm.nih.gov/pmc/articles/PMC12997614/
PMC12992230,10.3389/fimmu.2026.1760968,"Manuka honey and its component, methyl syringate, shift neutrophil release profiles from pro-inflammatory while preserving pro-regenerative growth factor release in vitro",5,6,3,"Table 1 (77.42% and 70.48% reductions from the positive control level, respectively) (Figure 2",https://www.ncbi.nlm.nih.gov/pmc/articles/PMC12992230/
PMC13059029,10.1080/0886022X.2026.2648347,Physiological glomerular filtration rate and responses to Zeitgeber time and cold stress in C57BL/6 mice,2,4,4,Table 1 and Figure 3,https://www.ncbi.nlm.nih.gov/pmc/articles/PMC13059029/
PMC13054633,10.1002/wer.70343,Effect of Stirring on Organic Matter Conversion in Horizontal Biodigesters,4,6,2,Figure 2. The equations used to calculate each portion are shown in Table 2,https://www.ncbi.nlm.nih.gov/pmc/articles/PMC13054633/
PMC13049496,10.1001/jamanetworkopen.2026.2289,Apolipoprotein E Mimetic Peptide CN-105 and Postoperative Delirium in Older Patients,1,4,1,Table 15 in Supplement 2).Figure 4,https://www.ncbi.nlm.nih.gov/pmc/articles/PMC13049496/
PMC13049562,10.1111/cid.70141,Zirconia and Titanium Implants Placed at Two Supracrestal Levels in Fresh Extraction Socket: Canine Periodontitis Model,1,7,1,"Figure 6, Table 1",https://www.ncbi.nlm.nih.gov/pmc/articles/PMC13049562/
PMC13049239,10.1002/mrm.70274,Dynamic Contrast Enhanced—Magnetic Resonance Fingerprinting (DCE-MRF) Improves Detection of Induced Vascular Perfusion Reduction in a Mouse Breast Cancer Model,2,8,1,"Figure 8, Table 2",https://www.ncbi.nlm.nih.gov/pmc/articles/PMC13049239/
PMC13050987,10.2147/COPD.S576128,Pulmonary Rehabilitation with Airway Clearance Techniques Improves Mucus Hypersecretion and Clinical Outcomes in COPD: A Retrospective Study,6,5,4,Table 3 and Figure 2,https://www.ncbi.nlm.nih.gov/pmc/articles/PMC13050987/
PMC13055571,10.1016/j.wneu.2026.124821,Novel Cerebrovascular Disease Blood Biomarkers Identified by Targeted Proteomics in a High-Risk Native American Population,2,3,7,Table 1). Representative box and whisker plots for 2 highest increased proteins (Figure 1,https://www.ncbi.nlm.nih.gov/pmc/articles/PMC13055571/
PMC13049259,10.1111/trf.70129,Improved platelet recovery in cryopreserved platelets reconstituted in freeze-dried plasma,2,4,1,Figure 2) and median fluorescence intensity (MFI) (Table 2,https://www.ncbi.nlm.nih.gov/pmc/articles/PMC13049259/
PMC13045810,10.1097/RLI.0000000000001233,Deep Learning–based Automated Coronary Plaque Quantification,3,5,1,"Table 3, Figure 4",https://www.ncbi.nlm.nih.gov/pmc/articles/PMC13045810/
PMC13038207,10.1172/JCI193475,Conserved sleep disturbances in FOXP1 syndrome originate from developmental dysregulation of peptidergic signaling,2,7,9,Figure 1E and Table 2,https://www.ncbi.nlm.nih.gov/pmc/articles/PMC13038207/
PMC13041688,10.1172/jci.insight.193359,Gene expression profiling identifies potential biomarkers for vaso-occlusive episodes in sickle cell disease,1,6,1,Table 6). In addition to the pathways shown in Figure 4,https://www.ncbi.nlm.nih.gov/pmc/articles/PMC13041688/
PMC13039242,10.1113/JP289725,A computational model for retinal haemodynamics under gravitational and postural variations,5,6,2,"Table 2, indicating a clear hydrostatic pressure gradient.Figure 3",https://www.ncbi.nlm.nih.gov/pmc/articles/PMC13039242/
PMC13043089,10.1172/jci.insight.202134,Rare variable M. tuberculosis antigens induce predominant Th17 responses in human infection,4,5,8,Figure 1D and Table 1,https://www.ncbi.nlm.nih.gov/pmc/articles/PMC13043089/
PMC13033854,10.1177/1098612X261424298,A Krackow-based suture technique as a novel alternative for feline patellar fracture repair: a biomechanical comparison,3,4,4,"Table 1, Figure 3",https://www.ncbi.nlm.nih.gov/pmc/articles/PMC13033854/
PMC13033827,10.1111/jhn.70230,Addressing Malnutrition in Australian Hospitals: A Scoping Review to Inform Systems Thinking,7,3,2,Figure 1 outlines the study selection process and Table 2,https://www.ncbi.nlm.nih.gov/pmc/articles/PMC13033827/
PMC13028028,10.3390/medicina62030469,Knee Osteoarthritis (KOA) Severity Influences Proximal Femoral Biomechanics and Predicts Pertrochanteric Fracture Instability: A Retrospective Radiographic Study,4,5,1,Table 4). Figure 3,https://www.ncbi.nlm.nih.gov/pmc/articles/PMC13028028/
PMC13026326,10.3390/ijms27062717,Implementation and Validation of a Limiting Component Quantification Method for qPCR,12,5,1,Table 7 and Figure 4,https://www.ncbi.nlm.nih.gov/pmc/articles/PMC13026326/
PMC13029940,10.3390/toxics14030256,Impacts of Mislabeled ECIG Liquids on Primary Particulate Matter Emissions,3,4,2,"Table 1 and Table 2, respectively, and are shown in Figure 3",https://www.ncbi.nlm.nih.gov/pmc/articles/PMC13029940/
PMC13019161,10.2147/NDT.S562499,The Clinically Meaningful Score Difference and Meaningful Score Regions in Positive and Negative Syndrome Scale Total Score from Post Hoc Analyses of a Phase 3 Pivotal Clinical Trial of Transdermal Asenapine in Patients with Schizophrenia,4,3,4,Table 3 and Figure 1,https://www.ncbi.nlm.nih.gov/pmc/articles/PMC13019161/
PMC13025357,10.3390/dj14030155,"Accuracy of Guided Drilling, Partially Guided Trephination, and Fully Guided Trephination Within a Static Surgical Guide for Apicoectomy in Hard Bone: An In Vitro Study",2,7,1,"Table 2, and illustrated in Figure 6",https://www.ncbi.nlm.nih.gov/pmc/articles/PMC13025357/
PMC12776611,10.1093/infdis/jiaf558,Adenovirus 40 and 41 Antibodies Associated With Protection From Infection in a Bangladeshi Birth Cohort,2,5,1,"Table 1, Supplementary Figure 4",https://www.ncbi.nlm.nih.gov/pmc/articles/PMC12776611/
PMC13017464,10.1093/infdis/jiaf577,Douching Is Associated With Dysregulated Rectal Mucosal Immunity in Sexual Minority Men,4,3,1,Table 3).Figure 2,https://www.ncbi.nlm.nih.gov/pmc/articles/PMC13017464/
PMC13017699,10.1093/ajh/hpaf172,Effect of Very Low-Intensity Resistance Exercise on Aortic-Brachial Blood Pressure Disparity in Young Men,3,4,3,Table 3; Figure 1,https://www.ncbi.nlm.nih.gov/pmc/articles/PMC13017699/
PMC13021024,10.17305/bb.2026.13660,Virtual screening of marine coumarins and xanthenes identifies novel acid-suppressive leads targeting histamine H2 receptor and gastric proton pump,3,4,1,Figure 2.Table 1,https://www.ncbi.nlm.nih.gov/pmc/articles/PMC13021024/
PMC12899332,10.1080/29933935.2025.2567677,A novel ketogenic diet that reduces seizures and prevents liver steatosis leads to related gut microbiome changes and restores cecal short-chain fatty acid levels in the rapid kindling rat model of epileptogenesis,1,6,1,"Figure 5B; Supplementary Tables S1, S2), which was increased by both KDs (Table 1",https://www.ncbi.nlm.nih.gov/pmc/articles/PMC12899332/
PMC13017239,10.1093/asj/sjaf191,Analysis of Craniofacial Microsomia and Facial Asymmetry: Approaches in Facial Feminization Surgery,5,3,2,Figure 1 and Supplemental Table 2,https://www.ncbi.nlm.nih.gov/pmc/articles/PMC13017239/
PMC13014201,10.1001/jamanetworkopen.2026.2962,Atopic Dermatitis and Markers of Early Cardiovascular Risk in Children and Adolescents,1,3,3,Figure 3; eFigure 6 and eTable 5,https://www.ncbi.nlm.nih.gov/pmc/articles/PMC13014201/
PMC13014222,10.1002/smll.202513071,Thermo-Chemically Modified Silk Scaffolds Reveal Niche-Driven Regulation of Hematopoiesis and Fibrosis,3,7,1,"Figure 2c I) [31, 32, 33].TABLE 1",https://www.ncbi.nlm.nih.gov/pmc/articles/PMC13014222/
PMC12778123,10.1177/02692155251397620,Exploring the digital landscape: A scoping review of Achilles tendinopathy education on public websites and in randomised controlled trials,3,3,4,Figure 2 and Table 1,https://www.ncbi.nlm.nih.gov/pmc/articles/PMC12778123/
PMC13008828,10.1093/jac/dkag103,Pharmacological evaluation of an ex vivo cervicovaginal HIV prevention model,1,4,1,Table 1).Figure 2,https://www.ncbi.nlm.nih.gov/pmc/articles/PMC13008828/
PMC13010914,10.1182/bloodadvances.2025017619,Hemoglobin binders reduce inflammation and tissue injury from hemolysis in venovenous extracorporeal circulation,6,7,1,"Figure 1, during which physiological parameters (Table 2",https://www.ncbi.nlm.nih.gov/pmc/articles/PMC13010914/
PMC13009751,10.1177/00368504261433391,Regional citrate anticoagulation prolongs filter lifespan and improves metabolic control in CRRT for liver dysfunction-associated AKI: A retrospective cohort study,6,4,1,Table 5).Figure 4,https://www.ncbi.nlm.nih.gov/pmc/articles/PMC13009751/
PMC13006173,10.2147/COPD.S571172,Difference in Respiratory Function Between GOLD Stage 1 and Preserved Ratio Impaired Spirometry as Assessed by Impulse Oscillometry and Spirometry,3,4,1,"Figure 1, and baseline characteristics are summarized in Table 1",https://www.ncbi.nlm.nih.gov/pmc/articles/PMC13006173/
PMC13002934,,Reticular fiber distribution in sclera: Key to understanding pathologic myopia and posterior staphylomas,1,9,1,Figure 3 presents a box-and-whisker plot illustrating these distributions.Table 1,https://www.ncbi.nlm.nih.gov/pmc/articles/PMC13002934/
PMC13059851,10.1136/bmjopen-2025-099386,Chinese neuroimmunological disease (NIDBase) cohort study: cohort profile,3,4,1,figure 3C).Table 3,https://www.ncbi.nlm.nih.gov/pmc/articles/PMC13059851/
PMC13053929,10.1002/trc2.70245,EEG recordings during visuo-attentive task reduce sex bias in Alzheimer's disease diagnosis,2,4,1,Figure 3A and Table 2,https://www.ncbi.nlm.nih.gov/pmc/articles/PMC13053929/
PMC13051541,10.3389/fnut.2026.1784566,"Methodology insights and population characteristics of the Nutri-Bébé 2022 study: study design, sample description, and data collection",6,2,1,Table 5.Figure 2,https://www.ncbi.nlm.nih.gov/pmc/articles/PMC13051541/
PMC13051828,10.1111/jcmm.71123,Identification of ceRNA Regulatory Networks Driven by the lncRNA NEAT1 in Multiple Myeloma,3,3,2,"Figure 3) [26, 27, 28].TABLE 3",https://www.ncbi.nlm.nih.gov/pmc/articles/PMC13051828/
PMC13044033,10.3389/fimmu.2026.1747057,"Development and validation of a diagnostic nomogram integrating anatomical scores and systemic immune-inflammatory biomarkers for De Novo metastatic renal cell carcinoma: a single-center, retrospective study (2016–2025)",2,5,1,Figure 3).Table 2,https://www.ncbi.nlm.nih.gov/pmc/articles/PMC13044033/
PMC13044112,10.3389/fpubh.2026.1749849,Reliability and quality assessment of internet videos as guidance for dietary weight loss intervention: a cross-sectional study in China,5,5,1,"Table 1 summarizes the descriptive statistics of the video characteristics, and Figure 2",https://www.ncbi.nlm.nih.gov/pmc/articles/PMC13044112/
PMC13043423,10.3389/fpubh.2026.1748168,Assessment of quality and reliability of Chinese-language myocardial infarction content on Bilibili and TikTok: a cross-sectional study,3,7,1,Table 3 and Figure 7,https://www.ncbi.nlm.nih.gov/pmc/articles/PMC13043423/
PMC13044521,10.1158/2326-6066.CIR-25-0979,Genomic and Immune Landscape of Recurrent and/or Metastatic Squamous Cell Carcinoma of the Head and Neck Progressing on Anti–PD-1 Treatment,1,6,1,"figure 5Supplementary Tables 1-3, 5-8Supplementary Tables 1-3, 5-8Supplementary Table 4",https://www.ncbi.nlm.nih.gov/pmc/articles/PMC13044521/
PMC13044568,10.1111/nmo.70303,Pyloric Metrics and Distensibility Plateau by Functional Luminal Imaging Probe in Pediatric Patients: A Pilot Study,1,4,2,Figure 1). Patient characteristics are summarized in Table 1,https://www.ncbi.nlm.nih.gov/pmc/articles/PMC13044568/
PMC13033528,10.3389/fimmu.2026.1733041,"Absent the pre-B cell receptor checkpoint, the B-1a immunoglobulin CDR-H3 repertoire normalizes by convergent selection",1,7,11,"Figure 2A, Table 1",https://www.ncbi.nlm.nih.gov/pmc/articles/PMC13033528/
PMC13034409,10.1111/1755-0998.70132,Recovering Historical eDNA From Museum-Preserved Filter Feeders via Non-Destructive Metabarcoding,1,5,1,Figure 1; Table 1,https://www.ncbi.nlm.nih.gov/pmc/articles/PMC13034409/
PMC13033154,10.1093/jvimsj/aalag052,Relationship between prevalence and severity of exercise-induced pulmonary hemorrhage and environmental factors,5,2,2,Table 2). There was a significant difference in AT across all 12 racetrack locations (Figure 2,https://www.ncbi.nlm.nih.gov/pmc/articles/PMC13033154/
PMC13038869,10.3389/fpubh.2026.1776062,Differences in health literacy and health-promoting behaviors by gender and sport type in collegiate athletes,6,2,1,Table 6 and Figure 1,https://www.ncbi.nlm.nih.gov/pmc/articles/PMC13038869/
PMC13038879,10.3389/fnins.2026.1756997,State-specific disruptions of dynamic functional connectivity in young migraine without aura: a hidden Markov model approach,3,7,2,"Figure 5A, Table 2",https://www.ncbi.nlm.nih.gov/pmc/articles/PMC13038879/
PMC13043010,10.1093/bib/bbag141,NetCrafter: ontology-derived gene network modeling and functional interpretation,1,6,1,Table 1). Figure 3,https://www.ncbi.nlm.nih.gov/pmc/articles/PMC13043010/
PMC13040665,10.1111/ejn.70470,Magnetoencephalography Source Connectivity Pipeline Reveals Long-Range Connectivity in Audio-Visual Integration,3,12,4,Table 1 and are visualized in Figure 2,https://www.ncbi.nlm.nih.gov/pmc/articles/PMC13040665/
PMC13038620,10.3389/ti.2026.16061,Discovery of Donor-Derived Exosomal DNA as an Exploratory Biomarker of Kidney Graft Rejection: A Cross-Sectional Study,3,6,1,Figure 5).TABLE 3,https://www.ncbi.nlm.nih.gov/pmc/articles/PMC13038620/
PMC13038534,10.3389/fimmu.2026.1806398,Kappa free light chains in cerebrospinal fluid to detect inflammation - results from a multicentric prospective real-world study,1,2,1,Table 1).Figure 2,https://www.ncbi.nlm.nih.gov/pmc/articles/PMC13038534/
PMC13038943,10.3389/fcimb.2026.1749307,Placental transcriptome profiling in congenital Chagas disease: gene networks associated with transmission,4,5,3,Figure 2; Table 2,https://www.ncbi.nlm.nih.gov/pmc/articles/PMC13038943/
PMC13042886,10.1002/clc.70261,The Role of Inspiratory Muscle Strength in Functional Capacity and Left Atrial Strain in Patients With Heart Failure With Mildly Reduced and Preserved Ejection Fraction,3,3,1,Table 2 and Supporting Information Figures) (Figure 1,https://www.ncbi.nlm.nih.gov/pmc/articles/PMC13042886/
PMC13039647,10.1177/17448069261435322,Mitochondrial DAMPs produce inflammatory hyperalgesia via stimulator of interferon genes (STING) activation in DRG neurons,1,4,1,"Figure 2(d) and (e), Table 1",https://www.ncbi.nlm.nih.gov/pmc/articles/PMC13039647/
PMC13040577,10.1080/22221751.2026.2645843,Antiviral activities of multiple antivirals against highly pathogenic avian influenza A H5N1 in vitro and in mice,2,6,1,Table 1). The EC50 and IC50 curves for all drugs were shown in Supplementary Figure 1,https://www.ncbi.nlm.nih.gov/pmc/articles/PMC13040577/
PMC13039251,10.1111/1365-2656.70221,Mammalian herbivory indirectly shapes savanna arthropod communities but only at very low or high levels,3,4,1,Figure 4b).TABLE 3,https://www.ncbi.nlm.nih.gov/pmc/articles/PMC13039251/
PMC13036746,10.3389/fimmu.2026.1748334,New p65 iso5 isoforms as dexamethasone-binding proteins: novel potential therapeutic targets for inflammatory diseases,1,6,1,"Figure 1A). As detailed in Supplementary Information, Supplementary Table 1",https://www.ncbi.nlm.nih.gov/pmc/articles/PMC13036746/
PMC13036105,10.3389/fnins.2026.1681817,Untargeted plasma metabolomics in canine cognitive dysfunction: the naturally occurring Alzheimer’s disease analog in dogs,1,4,1,Figure 2 highlights key metabolic differences between the groups (CCD vs. CH).Table 1,https://www.ncbi.nlm.nih.gov/pmc/articles/PMC13036105/
PMC13033494,10.3389/fpubh.2026.1728367,Medication literacy among community-dwelling older adults in Shenzhen: a 2024 cross-sectional survey with psychometric evidence,8,3,2,Table 8. The residual plot was shown in Figure 2,https://www.ncbi.nlm.nih.gov/pmc/articles/PMC13033494/
PMC12487824,10.1101/gr.280400.125,Ultra-long sequencing for contiguous haplotype resolution of the human immunoglobulin heavy-chain locus,2,6,2,Table 1; Supplemental Fig. S1).Figure 1,https://www.ncbi.nlm.nih.gov/pmc/articles/PMC12487824/
PMC13040738,10.1186/s13054-026-05920-2,Association between initial norepinephrine dose and minute by minute mean arterial pressure,1,4,1,"Figure 2. Baseline characteristics of the 5,349 analyzed patients are presented in Table 1",https://www.ncbi.nlm.nih.gov/pmc/articles/PMC13040738/
PMC13055840,10.1161/JAHA.125.043409,Triptan Initiation and Cerebrovascular Events in Patients With Migraine: A Nationwide Cohort Study,3,3,2,Figure 1Flow chart of cohort derivation.Table 1,https://www.ncbi.nlm.nih.gov/pmc/articles/PMC13055840/
PMC13055782,10.1161/JAHA.125.043220,Exploring Sex Differences in Stroke Outcomes: A Comprehensive Analysis From the SPAN 1 Trial,2,4,4,"Table 1, Figure 1",https://www.ncbi.nlm.nih.gov/pmc/articles/PMC13055782/
PMC13055135,10.1002/ajh.70233,Intensive Chemotherapy With or Without Midostaurin in Adults ≥ 60 Years Old With FLT3-Mutated AML: A FILO-DATAML-PETHEMA Real-World Study,4,3,2,Figure 1). The characteristics of these 565 patients are detailed in Table 1,https://www.ncbi.nlm.nih.gov/pmc/articles/PMC13055135/
PMC13055692,10.1161/JAHA.125.044945,Clinical Implications of Left Atrial and Ventricular Reverse Remodeling After Atrial Fibrillation Ablation in Patients With Systolic Dysfunction,4,5,1,Figure 3).Table 2,https://www.ncbi.nlm.nih.gov/pmc/articles/PMC13055692/
PMC13055808,10.1161/JAHA.125.044022,Impact of Chronic Kidney Disease on Outcomes of Percutaneous Coronary Interventions for Chronic Total Occlusions: Insights From Houston Methodist Chronic Total Occlusion Registry,6,3,1,Table 4).Figure 2,https://www.ncbi.nlm.nih.gov/pmc/articles/PMC13055808/
PMC13053840,10.1182/bloodadvances.2025018378,HCT Pre-App program: a telemedicine-based prehabilitation for allogeneic hematopoietic cell transplant candidates,4,4,1,Table 4 and Figure 3,https://www.ncbi.nlm.nih.gov/pmc/articles/PMC13053840/
PMC13054462,10.1002/art.70000,Serious Infections in Offspring Exposed to Tumor Necrosis Factor Inhibitors During Pregnancy: Comparison of Timing During Pregnancy and Placental Transfer Ability,2,1,3,Table 2; see Figure 1,https://www.ncbi.nlm.nih.gov/pmc/articles/PMC13054462/
PMC13055421,10.1002/hed.70132,Neutrophil to Lymphocyte and Lymphocyte to Monocyte Ratios Predict Improved Survival and Response to Induction Chemotherapy in Locally Advanced Squamous Cell Carcinoma of the Larynx,3,3,2,Figure 1).TABLE 1,https://www.ncbi.nlm.nih.gov/pmc/articles/PMC13055421/
PMC13056291,10.1158/1078-0432.CCR-25-2239,"Efficacy and Safety of Capivasertib (AZD5363), a Potent, Oral Pan-AKT Inhibitor, in Patients with Relapsed or Refractory B-cell Non–Hodgkin Lymphoma (CAPITAL)",3,3,1,Figure 1.CAPITAL study design and patient disposition.Table 1,https://www.ncbi.nlm.nih.gov/pmc/articles/PMC13056291/
PMC13055424,10.5414/CN108949,Association between chronic kidney disease and cancer mortality: A report from the ALLHAT,3,3,2,Table 3) (Figure 2,https://www.ncbi.nlm.nih.gov/pmc/articles/PMC13055424/
PMC13055820,10.1161/JAHA.125.041680,Diagnostic and Prognostic Value of High-Sensitivity Troponin T for Cardiovascular Outcomes in Patients Receiving Immune Checkpoint Inhibitor Therapy,2,8,3,Table 1.Figure 1,https://www.ncbi.nlm.nih.gov/pmc/articles/PMC13055820/
PMC13052582,10.1136/bmjopen-2025-106337,Development and acceptability of a patient decision aid for people with degenerative cervical myelopathy: an international mixed-methods study,4,4,2,table 4 and figure 2,https://www.ncbi.nlm.nih.gov/pmc/articles/PMC13052582/
PMC13048877,10.1002/mp.70425,On the shape of the radiation survival curve in tumor spheroids: The role of oxygen heterogeneity,1,6,1,Table 1). As shown in Figure 1,https://www.ncbi.nlm.nih.gov/pmc/articles/PMC13048877/
PMC13044058,10.3389/fcvm.2026.1762032,Predictive factors and clinical outcomes following contemporary percutaneous coronary interventions for chronic total occlusions,5,5,3,"Table 4, Figure 2",https://www.ncbi.nlm.nih.gov/pmc/articles/PMC13044058/
PMC13046546,10.3389/fonc.2026.1736386,Efficacy of surgery versus definitive chemoradiotherapy following neoadjuvant chemotherapy in T4 esophageal squamous cell carcinoma: a retrospective cohort analysis,5,5,2,Figure 2). As illustrated in Table 4,https://www.ncbi.nlm.nih.gov/pmc/articles/PMC13046546/
PMC13043635,10.3389/fimmu.2026.1747618,Prognostic factors in Sézary syndrome - a retrospective propensity score-matched study on 1277 patients,5,2,8,"Table 4; survival 72.96% vs. 56.15% % at five years, p < 0.0001, Figure 1",https://www.ncbi.nlm.nih.gov/pmc/articles/PMC13043635/
PMC13038880,10.3389/fcimb.2026.1653022,Distinct characteristics on mixed infection of SARS-CoV-2 variants and other respiratory pathogens among patients with acute COVID-19 in central China,3,5,1,"Table 3, Figure 1",https://www.ncbi.nlm.nih.gov/pmc/articles/PMC13038880/
PMC13045325,10.1002/jgh3.70395,Real-World Effectiveness of Tolvaptan for Hyponatremia in Cirrhosis Across Global Regions: A Target Trial Emulation,3,2,2,Figure 1).TABLE 2,https://www.ncbi.nlm.nih.gov/pmc/articles/PMC13045325/
PMC13038549,10.3389/fimmu.2026.1749250,"Evaluation of the trypanocidal and immunomodulatory effects of LDT409, a cardanol derivative from cashew nut shell liquid",2,8,2,Figure 1; Table 1,https://www.ncbi.nlm.nih.gov/pmc/articles/PMC13038549/
PMC13039085,10.1177/25424823261433532,Impact of anticoagulation on cognitive decline and clinical outcomes in patients with atrial fibrillation and dementia: A retrospective cohort study,3,5,3,Table 2 and Figure 2,https://www.ncbi.nlm.nih.gov/pmc/articles/PMC13039085/
PMC13041339,10.1186/s13071-026-07299-z,Limited impact of schistosome infection on Biomphalaria glabrata snail microbiomes,3,6,1,Table 3. α-diversity statistics.Supplementary material 4: Figure 1,https://www.ncbi.nlm.nih.gov/pmc/articles/PMC13041339/
PMC13043192,10.1093/eurheartj/ehaf1115,Pulsed field vs radiofrequency ablation for paroxysmal atrial fibrillation: the BEAT PAROX-AF trial,3,3,1,Figure 2). Results remained consistent in sensitivity analyses (Table 2,https://www.ncbi.nlm.nih.gov/pmc/articles/PMC13043192/
PMC13033701,10.3389/fmed.2026.1776139,"The role of staging laparoscopy before therapy in patients with pancreatic ductal adenocarcinoma: a real-world, single-center experience",4,9,1,Table 1).FIGURE 5,https://www.ncbi.nlm.nih.gov/pmc/articles/PMC13033701/
PMC13035271,10.7717/peerj.17612,"The emerging roles of circHECTD1 in human diseases and the specific
underlying regulatory mechanisms",1,4,1,Table 1).10.7717/peerj.17612/fig-4Figure 4,https://www.ncbi.nlm.nih.gov/pmc/articles/PMC13035271/
PMC13033761,10.3389/fphar.2026.1726444,The cost effectiveness of toripalimab plus bevacizumab versus sorafenib for the first-line treatment of advanced hepatocellular carcinoma in China,3,4,1,Figure 2.TABLE 1,https://www.ncbi.nlm.nih.gov/pmc/articles/PMC13033761/
PMC13032148,10.1001/jamanetworkopen.2026.3688,Contemporary Adjuvant Chemotherapy for Intraductal Papillary Mucinous Neoplasms,1,4,1,Table 4 in Supplement 1).Figure 2,https://www.ncbi.nlm.nih.gov/pmc/articles/PMC13032148/
PMC13033305,10.2147/IJN.S584361,Multifunctional Graphene Oxide Quantum Dot Nanoformulation with Key Immunomodulation for Effective Anticancer Therapy in Mice Model,3,16,1,Figure 6b). The results from three separate experiments are shown and compared in Table 2,https://www.ncbi.nlm.nih.gov/pmc/articles/PMC13033305/
PMC13021428,10.3389/fneur.2026.1773074,Real-world effectiveness of high-efficacy therapies in multiple sclerosis: a propensity score-matched cohort study,3,5,9,Table 1). The love plot (Figure 3,https://www.ncbi.nlm.nih.gov/pmc/articles/PMC13021428/
PMC13027957,10.3390/medicina62030453,ALM Resuscitation Without Transfusion Improves Platelet Function and Survival After Liver Injury and Uncontrolled Hemorrhage,6,4,2,"Table 1, Figure 2",https://www.ncbi.nlm.nih.gov/pmc/articles/PMC13027957/
PMC13025880,10.3390/cancers18061021,On-Demand Loco-Regional Treatment for Intrahepatic Lesions Improves Treatment Outcomes in Atezolizumab Plus Bevacizumab Therapy for Unresectable Hepatocellular Carcinoma,4,2,1,Figure 1C).3.3. Adverse EventsTreatment-related AEs are summarized in Table 3,https://www.ncbi.nlm.nih.gov/pmc/articles/PMC13025880/
PMC13027842,10.3390/medsci14010142,"Long-Term Clinical Consequences of Severe Oral Mucositis in Survivors of Lip, Oral Cavity, and Pharynx Cancer Versus Leukemia: A Propensity-Score-Matched Comparative Cohort Study Using Real-World Data",5,2,2,"Table 1, Figure 1",https://www.ncbi.nlm.nih.gov/pmc/articles/PMC13027842/
PMC13027494,10.3390/medsci14010118,Clinical Evolution of a Cohort of Patients with COVID-19 Treated with Usual Medical Care Plus Polymerized Type I Collagen During the Pandemic Emergency,3,5,1,Figure 1B–D) and Table 2,https://www.ncbi.nlm.nih.gov/pmc/articles/PMC13027494/
PMC13022515,10.1002/ppul.71597,Transforming Care in Cystic Fibrosis: The Long-Term Impact of Quality Improvement Projects on Clinical Outcomes,5,2,1,Table 5 (Figure 2,https://www.ncbi.nlm.nih.gov/pmc/articles/PMC13022515/
PMC13017682,10.3389/ti.2026.15929,Longitudinal Monitoring of Donor-Derived Cell-Free DNA Supports Risk Stratification in Kidney Transplant Recipients With Allograft Dysfunction,4,6,3,Table 2; Figure 3,https://www.ncbi.nlm.nih.gov/pmc/articles/PMC13017682/
PMC13017922,10.3389/fonc.2026.1721313,Valproate reactivates HTLV-1 tax and reduces ABCB1/MDR1 expression in PBMCs derived from ATLL patients,2,9,1,"Figure 8G, Table 2",https://www.ncbi.nlm.nih.gov/pmc/articles/PMC13017922/
PMC13019095,10.3389/fendo.2026.1797342,"Beyond the triglyceride-glucose index, the cholesterol- high-density lipoprotein -glucose index as a superior predictor for diabetes risk in patients with major adverse cardiovascular events: dual evidence from the CHARLS database and real-world data",2,3,1,Table 4.Figure 2,https://www.ncbi.nlm.nih.gov/pmc/articles/PMC13019095/
PMC13013092,10.1002/ajhb.70250,In Utero Selection Echoes Across a Lifetime: Evidence From Historical Utah Populations,6,2,1,Figure 1).Table 1,https://www.ncbi.nlm.nih.gov/pmc/articles/PMC13013092/
PMC13013475,10.3389/fpubh.2026.1733724,Survival outcomes and influencing factors in Zhengzhou HIV/AIDS patients following antiretroviral therapy initiation (2014-2024): a retrospective cohort analysis,3,2,1,Table 2 and Figure 1,https://www.ncbi.nlm.nih.gov/pmc/articles/PMC13013475/
PMC13048890,10.7150/ijms.126670,Association of retinal microvascular abnormalities with cardiovascular diseases in patients with severe carotid artery stenosis,4,6,2,Figure 4). 10 patients presented with more than 2 types of RMAs (Table 2,https://www.ncbi.nlm.nih.gov/pmc/articles/PMC13048890/
PMC13048897,10.7150/ijms.128956,Association of Glucagon-like Peptide-1 Receptor Agonists with Mortality and Aspiration Pneumonia in Patients with Type 2 Diabetes After Gastrostomy: A Target Trial Emulation Study,2,3,1,"Figure 1, and baseline characteristics are compared in Table 1",https://www.ncbi.nlm.nih.gov/pmc/articles/PMC13048897/
PMC13052346,10.1182/blood.2025031006,"CPX-351 vs daunorubicin, cytarabine, and gemtuzumab ozogamicin in older adults with non–adverse-risk AML: the NCRI AML18 trial∗",2,6,4,Figure 2). Clinical baseline characteristics of the patients are shown in Table 1,https://www.ncbi.nlm.nih.gov/pmc/articles/PMC13052346/
PMC13049495,10.1001/jamahealthforum.2026.0491,Sources of Variation in Cardiovascular Care Cascades,3,2,4,Figure 1 and Table 3,https://www.ncbi.nlm.nih.gov/pmc/articles/PMC13049495/
PMC13047912,10.3389/fimmu.2026.1789560,A large-scale profiling study of immune–coagulation associations in rheumatoid arthritis,3,4,3,"Table 1, Supplementary Figure 1",https://www.ncbi.nlm.nih.gov/pmc/articles/PMC13047912/
PMC13047282,10.1177/03000605261433777,Tislelizumab combined with gemcitabine plus cisplatin for muscle-invasive upper tract urothelial carcinoma: A retrospective single-center cohort analysis,3,5,1,Table 1).Figure 1,https://www.ncbi.nlm.nih.gov/pmc/articles/PMC13047282/
PMC13043397,10.3389/fmed.2026.1786747,Development and effectiveness evaluation of a mobile health-based follow-up management model for patients after hematopoietic stem cell transplantation,5,7,2,Table 1 and Figure 1,https://www.ncbi.nlm.nih.gov/pmc/articles/PMC13043397/
PMC13044065,10.3389/fphar.2026.1738089,Genetic pharmacoepidemiology of JAK inhibitors in chronic immune-mediated skin diseases: implications for precision therapy and medication safety,3,5,2,Table 1 and visualized in Figure 1,https://www.ncbi.nlm.nih.gov/pmc/articles/PMC13044065/
PMC13043426,10.3389/fendo.2026.1786731,The dual role of urinary C-peptide/creatinine ratio: predicting insulin resistance in non-diabetic adults and microvascular complications risk in patients with type 2 diabetes,5,3,2,Table 5.Figure 2,https://www.ncbi.nlm.nih.gov/pmc/articles/PMC13043426/
PMC13044789,10.1001/jamapsychiatry.2026.0159,Mirtazapine for Methamphetamine Use Disorder,3,2,4,Figure 1. CONSORT Flow DiagramDemographics and drug use were similar in the 2 groups (Table 1,https://www.ncbi.nlm.nih.gov/pmc/articles/PMC13044789/
PMC13043368,10.3389/fendo.2026.1789174,"Association between low-density lipoprotein cholesterol and frailty in adults aged ≥70 years: a cross-sectional study from Beijing, China",3,2,1,Figure 1.Table 3,https://www.ncbi.nlm.nih.gov/pmc/articles/PMC13043368/
PMC13061567,10.14336/AD.2025.0145,A Comprehensive Review of the Correlations of Measurement Parameters among Modern Technologies for Sarcopenia Assessment,11,2,6,"Table 2, Supplementary Table 7). According to Figure 1",https://www.ncbi.nlm.nih.gov/pmc/articles/PMC13061567/
PMC13058786,10.1002/adhm.202504606,Ti6Al4V-Bioglass-Copper Composites for Load-Bearing Implants,3,7,1,"Figure 3c,d and tabulated in Table 2",https://www.ncbi.nlm.nih.gov/pmc/articles/PMC13058786/
PMC13053515,10.3389/fpubh.2026.1799937,Global research trends and hotspots in the health effects of Tai Chi on older adults: a bibliometric analysis (2010–2025),5,9,3,Table 2 and Figure 4,https://www.ncbi.nlm.nih.gov/pmc/articles/PMC13053515/
PMC13053647,10.3389/fimmu.2026.1735255,Development and application of a VNAR-based detection nanobody for avian influenza virus H9N2,3,6,1,Figure 3B).Table 2,https://www.ncbi.nlm.nih.gov/pmc/articles/PMC13053647/
PMC13051590,10.1080/19490976.2026.2653290,Unveiling the Th17/Treg imbalance: a key player in Clostridioides difficile-induced infection,5,5,7,Figure 1).Table 2,https://www.ncbi.nlm.nih.gov/pmc/articles/PMC13051590/
PMC13043404,10.3389/fimmu.2026.1782122,Multi-omic profiling converges on proteasome subunits PSMA7/PSMB2 as targets of the sepsis-protective agent Handelin,1,4,1,Figure 3C).Table 1,https://www.ncbi.nlm.nih.gov/pmc/articles/PMC13043404/
PMC13043650,10.3389/fcimb.2026.1783709,TM9SF4 acts as a receptor mediating Glaesserella parasuis cytolethal distending toxin–induced cytotoxicity in PK15 cells,2,5,1,Table 2) for further investigation as potential GpCDT receptors.Figure 1,https://www.ncbi.nlm.nih.gov/pmc/articles/PMC13043650/
PMC13043435,10.3389/fmed.2026.1757831,Proteomic profiling of spontaneous myopia in guinea pigs,1,7,2,Table 1.Figure 2,https://www.ncbi.nlm.nih.gov/pmc/articles/PMC13043435/
PMC13044697,10.1111/mec.70334,Kinship Analysis Confirms Tolerant Galapagos Mockingbirds Are a Source of Nest Flies That Threaten Darwin's Finches,1,5,1,"Figure 4, Mann–Whitney test, p = 0.013).TABLE 1",https://www.ncbi.nlm.nih.gov/pmc/articles/PMC13044697/
PMC13055541,10.3389/fpubh.2026.1757996,"Age-period-cohort analysis of pulmonary tuberculosis epidemiological trends from 2005 to 2024 and forecasts for 2035 in Sichuan Province, China",3,12,1,"Table 3, Figure 12",https://www.ncbi.nlm.nih.gov/pmc/articles/PMC13055541/
PMC13053237,10.3389/fmed.2026.1762387,Global research trends and insights in acupuncture randomized controlled trials: a bibliometric analysis,6,7,4,Figure 6 and Table 3,https://www.ncbi.nlm.nih.gov/pmc/articles/PMC13053237/
PMC13040120,10.1002/cbdv.202503251,In Vitro Antimicrobial Activity and In Vivo Intestinal Barrier Regulation by Commiphora leptophloeos Bark Extract in 5-Fluorouracil–Induced Mucositis,4,7,2,"Figure 1, Table 2",https://www.ncbi.nlm.nih.gov/pmc/articles/PMC13040120/
PMC13046713,10.3389/fnagi.2026.1776882,The mechanism of external cueing interventions in improving freezing of gait in Parkinson’s disease: an fNIRS study,7,8,2,Figure 7C and Table 5,https://www.ncbi.nlm.nih.gov/pmc/articles/PMC13046713/
PMC13044653,10.1001/jamanetworkopen.2026.3419,State Gun Laws and Firearm Suicide Rates,3,2,1,Figure 1).Table 1,https://www.ncbi.nlm.nih.gov/pmc/articles/PMC13044653/
PMC13044674,10.1001/jamanetworkopen.2026.4340,"Police Pursuit Fatalities in the US, 2009 to 2023",1,4,3,Table 1 in Supplement 1).Figure 1,https://www.ncbi.nlm.nih.gov/pmc/articles/PMC13044674/
PMC13040398,10.1001/jamanetworkopen.2026.4114,COVID-19 Vaccine Framing and Acceptance Among Adults Who Are Vaccine Hesitant,2,3,2,"Figure 2 in Supplement 1, and the corresponding regression results are provided in eTable 1",https://www.ncbi.nlm.nih.gov/pmc/articles/PMC13040398/
PMC13039099,10.3389/fimmu.2026.1807371,Case Report: A case of severe hypotension induced by nimotuzumab in a nasopharyngeal carcinoma patient,2,1,1,Figure 1 and Table 1,https://www.ncbi.nlm.nih.gov/pmc/articles/PMC13039099/
PMC13035515,10.3389/fcvm.2026.1770481,Bibliometric analysis of research hotspots and emerging trends in microRNAs and atherosclerosis (2007–2025),13,8,1,"Table 1 details the specific search strategy for each database, and Figure 1",https://www.ncbi.nlm.nih.gov/pmc/articles/PMC13035515/
PMC13033647,10.3389/fimmu.2026.1767523,LY-H as a potential screening biomarker for lymphocyte activation in peripheral blood,2,4,2,Table 1 and Figure 1,https://www.ncbi.nlm.nih.gov/pmc/articles/PMC13033647/
PMC13033733,10.3389/fphar.2026.1699709,The rise and evolution of cancer mechanobiology: a bibliometric trajectory of three decades of research,5,15,2,Figure 2 and Table 1,https://www.ncbi.nlm.nih.gov/pmc/articles/PMC13033733/
PMC13033680,10.3389/fmicb.2026.1751887,Berberine-gut microbiota interactions based on CiteSpace: current research status and hotspots,4,11,3,"Table 3 lists the top 10 references ranked by citation frequency and BC, while Figure 9",https://www.ncbi.nlm.nih.gov/pmc/articles/PMC13033680/
PMC13035402,10.3389/fchem.2026.1784084,"Synthesis and antimicrobial activity of sulfonyl-imidazole linked fused isoxazolo[3,4-b][1,2,3]triazolo[4,5-d]pyridines:PEG-400 mediated one-pot reaction under ultrasonic irradiation",5,13,1,Figure 6.TABLE 4,https://www.ncbi.nlm.nih.gov/pmc/articles/PMC13035402/
